First Name,Last Name,Email Address,Student ID,phone #
Joseph,Wilson,joseph.wilson@coloradocollege.edu,191002,2550238522
Rebecca,Roberts,rebecca.roberts@coloradocollege.edu,347718,5250090280
Amy,Anderson,amy.anderson@coloradocollege.edu,674655,3672479082
Elizabeth,Sanderson,elizabeth.sanderson@coloradocollege.edu,126024,4492017079
Faith,Ince,faith.ince@coloradocollege.edu,440681,6854999463
Yvonne,Marshall,yvonne.marshall@coloradocollege.edu,620656,9722762034
Anthony,Anderson,anthony.anderson@coloradocollege.edu,659971,3739323159
Molly,McGrath,molly.mcgrath@coloradocollege.edu,715106,9559153270
Peter,Allan,peter.allan@coloradocollege.edu,738467,6861688364
Nicholas,Miller,nicholas.miller@coloradocollege.edu,833245,2578563219
Alexander,Alsop,alexander.alsop@coloradocollege.edu,811512,8994668022
Emma,Mitchell,emma.mitchell@coloradocollege.edu,249231,5994998998
Anne,Murray,anne.murray@coloradocollege.edu,868878,7103744182
Grace,Walsh,grace.walsh@coloradocollege.edu,834435,1280964595
Una,Rampling,una.rampling@coloradocollege.edu,108192,4595475566
Joseph,Rampling,joseph.rampling@coloradocollege.edu,988522,1011052742
Richard,Gray,richard.gray@coloradocollege.edu,847134,7730925753
Leonard,Terry,leonard.terry@coloradocollege.edu,352598,2858709186
Sophie,May,sophie.may@coloradocollege.edu,608165,8471347978
John,Vaughan,john.vaughan@coloradocollege.edu,783240,3662510182
Brian,Springer,brian.springer@coloradocollege.edu,446588,2455253096
Emma,McLean,emma.mclean@coloradocollege.edu,796808,5262166976
Lucas,Underwood,lucas.underwood@coloradocollege.edu,714004,9512059658
Lucas,Hart,lucas.hart@coloradocollege.edu,117654,2779670354
Emily,Langdon,emily.langdon@coloradocollege.edu,286036,4623339924
Dominic,Taylor,dominic.taylor@coloradocollege.edu,619907,3093981733
Cameron,Ellison,cameron.ellison@coloradocollege.edu,316738,4034813712
Wendy,Vance,wendy.vance@coloradocollege.edu,282874,9778775738
Keith,Miller,keith.miller@coloradocollege.edu,903001,4834440132
Luke,Morgan,luke.morgan@coloradocollege.edu,464211,3232106176
John,Vance,john.vance@coloradocollege.edu,786167,7286219905
Benjamin,Carr,benjamin.carr@coloradocollege.edu,516934,8135422959
Peter,Clarkson,peter.clarkson@coloradocollege.edu,111679,3131242126
Stewart,Paterson,stewart.paterson@coloradocollege.edu,849459,1239050819
Ruth,Nolan,ruth.nolan@coloradocollege.edu,862555,9033968348
Anne,Wallace,anne.wallace@coloradocollege.edu,789550,9978304757
Amanda,Berry,amanda.berry@coloradocollege.edu,832344,7168638373
Christopher,Walker,christopher.walker@coloradocollege.edu,164705,2693515103
Paul,Sutherland,paul.sutherland@coloradocollege.edu,424880,9077441032
Wanda,Wright,wanda.wright@coloradocollege.edu,904040,1107434719
Sophie,Paterson,sophie.paterson@coloradocollege.edu,719465,8713852958
Katherine,Sanderson,katherine.sanderson@coloradocollege.edu,177623,1499796776
Christian,Rees,christian.rees@coloradocollege.edu,505117,1735821157
Yvonne,Carr,yvonne.carr@coloradocollege.edu,168724,5030158134
Christopher,Vaughan,christopher.vaughan@coloradocollege.edu,843628,7889320303
Joshua,McLean,joshua.mclean@coloradocollege.edu,465603,7538799811
Warren,Black,warren.black@coloradocollege.edu,610089,2088499195
Neil,Dowd,neil.dowd@coloradocollege.edu,886179,4837053697
Anna,Henderson,anna.henderson@coloradocollege.edu,841163,6502101210
Jane,Murray,jane.murray@coloradocollege.edu,407193,5736430103
William,McGrath,william.mcgrath@coloradocollege.edu,451484,8273033337
Sebastian,Vaughan,sebastian.vaughan@coloradocollege.edu,561498,4462110890
Dylan,Mitchell,dylan.mitchell@coloradocollege.edu,590323,5073697919
Cameron,Campbell,cameron.campbell@coloradocollege.edu,502054,9160131708
Mary,Manning,mary.manning@coloradocollege.edu,729618,8375300996
Pippa,Coleman,pippa.coleman@coloradocollege.edu,901018,7984272513
Dan,Berry,dan.berry@coloradocollege.edu,125717,8562676024
Rose,Turner,rose.turner@coloradocollege.edu,714271,5556087841
Irene,MacDonald,irene.macdonald@coloradocollege.edu,819863,6958414717
Nicola,Lee,nicola.lee@coloradocollege.edu,937159,8935893836
Jasmine,Slater,jasmine.slater@coloradocollege.edu,429219,1258436115
Claire,King,claire.king@coloradocollege.edu,260183,7032676726
Max,Kelly,max.kelly@coloradocollege.edu,567829,8194157011
Zoe,Quinn,zoe.quinn@coloradocollege.edu,406180,3741046886
Richard,Slater,richard.slater@coloradocollege.edu,568191,2766137714
Austin,Henderson,austin.henderson@coloradocollege.edu,673337,8581618912
Sarah,Turner,sarah.turner@coloradocollege.edu,677215,6511162830
Oliver,Edmunds,oliver.edmunds@coloradocollege.edu,693558,4310797665
Jack,Gibson,jack.gibson@coloradocollege.edu,367804,7384068305
Thomas,Vance,thomas.vance@coloradocollege.edu,350613,3884722076
Paul,Peters,paul.peters@coloradocollege.edu,621200,5409592605
Dominic,Rutherford,dominic.rutherford@coloradocollege.edu,393259,1115902988
Lauren,Fisher,lauren.fisher@coloradocollege.edu,659280,8352326111
Luke,Allan,luke.allan@coloradocollege.edu,890589,2997685108
Dominic,Murray,dominic.murray@coloradocollege.edu,266655,4959147464
Rebecca,Hunter,rebecca.hunter@coloradocollege.edu,103257,6558684948
Thomas,Ross,thomas.ross@coloradocollege.edu,478467,9814572818
Austin,Cameron,austin.cameron@coloradocollege.edu,974389,6746557035
Anna,Lawrence,anna.lawrence@coloradocollege.edu,163170,6160493545
Theresa,Rees,theresa.rees@coloradocollege.edu,430658,5413642865
Andrea,Vance,andrea.vance@coloradocollege.edu,579173,7934600127
Andrea,Short,andrea.short@coloradocollege.edu,662627,7916552325
Stewart,Jones,stewart.jones@coloradocollege.edu,613020,6765836167
Thomas,Kerr,thomas.kerr@coloradocollege.edu,141897,9065283849
Christopher,Churchill,christopher.churchill@coloradocollege.edu,496262,9160829642
Kimberly,Glover,kimberly.glover@coloradocollege.edu,638243,9482799352
Owen,Marshall,owen.marshall@coloradocollege.edu,952027,2893569127
Angela,Anderson,angela.anderson@coloradocollege.edu,680104,5700158493
Bernadette,Brown,bernadette.brown@coloradocollege.edu,246693,4361422558
Stephen,Churchill,stephen.churchill@coloradocollege.edu,698385,1159552019
Julian,Mathis,julian.mathis@coloradocollege.edu,573076,6338827722
Zoe,Morgan,zoe.morgan@coloradocollege.edu,372145,7798146483
Kimberly,Knox,kimberly.knox@coloradocollege.edu,400531,6345272507
Paul,Powell,paul.powell@coloradocollege.edu,511556,4013905561
Anne,Vance,anne.vance@coloradocollege.edu,365993,7750180498
Lauren,Martin,lauren.martin@coloradocollege.edu,828488,8279952982
Grace,Bower,grace.bower@coloradocollege.edu,765930,7998486553
Sebastian,Edmunds,sebastian.edmunds@coloradocollege.edu,670884,1925567186
Boris,Clarkson,boris.clarkson@coloradocollege.edu,513682,6687390475
Victor,Ince,victor.ince@coloradocollege.edu,725945,7310677270
Neil,Miller,neil.miller@coloradocollege.edu,961724,4051423322
Diana,Langdon,diana.langdon@coloradocollege.edu,465810,3620944923
Kimberly,Hill,kimberly.hill@coloradocollege.edu,146135,8017410156
Wendy,Ferguson,wendy.ferguson@coloradocollege.edu,366552,4121978832
Leonard,Robertson,leonard.robertson@coloradocollege.edu,542701,3598593221
Lucas,Paige,lucas.paige@coloradocollege.edu,272198,7362017638
Colin,Walker,colin.walker@coloradocollege.edu,591889,4449194752
Jonathan,Black,jonathan.black@coloradocollege.edu,136986,1287992920
James,Ross,james.ross@coloradocollege.edu,663998,1696898022
Rebecca,Hudson,rebecca.hudson@coloradocollege.edu,630468,2374286176
Lisa,Fisher,lisa.fisher@coloradocollege.edu,353382,5093810905
Boris,Young,boris.young@coloradocollege.edu,701826,3410992230
William,Tucker,william.tucker@coloradocollege.edu,455374,4626993882
Jake,Peake,jake.peake@coloradocollege.edu,952394,3794795111
Carolyn,Bailey,carolyn.bailey@coloradocollege.edu,879100,5397833510
Ava,Roberts,ava.roberts@coloradocollege.edu,745851,3244600195
Victor,Graham,victor.graham@coloradocollege.edu,579367,4675735315
Rose,Cameron,rose.cameron@coloradocollege.edu,984050,1709743882
Blake,Anderson,blake.anderson@coloradocollege.edu,817306,9844717964
Megan,Oliver,megan.oliver@coloradocollege.edu,116920,8215960809
Anna,Oliver,anna.oliver@coloradocollege.edu,275448,2247225612
Nicholas,Alsop,nicholas.alsop@coloradocollege.edu,461729,7102147161
Alison,Davidson,alison.davidson@coloradocollege.edu,162875,6193039620
Zoe,Avery,zoe.avery@coloradocollege.edu,401761,3559988411
Jack,Jackson,jack.jackson@coloradocollege.edu,457632,6126680503
Connor,Young,connor.young@coloradocollege.edu,231137,1359618960
Owen,Manning,owen.manning@coloradocollege.edu,517902,6159682196
Adrian,Jones,adrian.jones@coloradocollege.edu,392867,9127358804
Piers,Graham,piers.graham@coloradocollege.edu,602295,3419820643
Rebecca,Ferguson,rebecca.ferguson@coloradocollege.edu,456443,7448373772
Bernadette,Morgan,bernadette.morgan@coloradocollege.edu,997771,4256482079
Lisa,Hemmings,lisa.hemmings@coloradocollege.edu,280723,2519091775
Joshua,Glover,joshua.glover@coloradocollege.edu,976671,7942035474
Michael,Watson,michael.watson@coloradocollege.edu,203463,9188542919
Karen,Miller,karen.miller@coloradocollege.edu,461582,8662478496
Harry,Jackson,harry.jackson@coloradocollege.edu,507330,8541921327
Diane,McLean,diane.mclean@coloradocollege.edu,806574,8791400430
Andrew,Black,andrew.black@coloradocollege.edu,856353,4955821574
Stewart,Hart,stewart.hart@coloradocollege.edu,606635,6164732926
Joseph,Paterson,joseph.paterson@coloradocollege.edu,893190,3730223368
William,Springer,william.springer@coloradocollege.edu,328095,9254171145
Samantha,Gibson,samantha.gibson@coloradocollege.edu,351813,4332852365
Victor,Stewart,victor.stewart@coloradocollege.edu,821352,5683849949
Amanda,Hart,amanda.hart@coloradocollege.edu,390294,4095879456
Lauren,Watson,lauren.watson@coloradocollege.edu,616868,3439988057
Victor,Davies,victor.davies@coloradocollege.edu,219049,2588661504
Theresa,Alsop,theresa.alsop@coloradocollege.edu,674617,4310125399
Anne,Kelly,anne.kelly@coloradocollege.edu,236572,5103209983
Brian,Manning,brian.manning@coloradocollege.edu,814594,8166556359
Boris,Walsh,boris.walsh@coloradocollege.edu,214726,5906765392
Maria,Hill,maria.hill@coloradocollege.edu,860334,8521378602
Sarah,Brown,sarah.brown@coloradocollege.edu,711224,5270010456
Carolyn,Carr,carolyn.carr@coloradocollege.edu,433994,3401184891
Gordon,Short,gordon.short@coloradocollege.edu,465436,3003390057
James,Hodges,james.hodges@coloradocollege.edu,729438,1124430450
Andrea,Smith,andrea.smith@coloradocollege.edu,857093,1308157903
Jason,Murray,jason.murray@coloradocollege.edu,608710,5161592826
Connor,Glover,connor.glover@coloradocollege.edu,864985,3257947918
Leah,Springer,leah.springer@coloradocollege.edu,909577,7466858244
Neil,Duncan,neil.duncan@coloradocollege.edu,519044,8121844560
Joanne,Mackenzie,joanne.mackenzie@coloradocollege.edu,894947,4155711011
Amelia,Davies,amelia.davies@coloradocollege.edu,221733,2588651238
Colin,Paige,colin.paige@coloradocollege.edu,227331,9224037136
Virginia,Mitchell,virginia.mitchell@coloradocollege.edu,228259,2791751134
Andrea,Walker,andrea.walker@coloradocollege.edu,478166,5144702670
John,Hardacre,john.hardacre@coloradocollege.edu,403192,9746109066
Sean,Manning,sean.manning@coloradocollege.edu,482776,1145049598
Bella,Hill,bella.hill@coloradocollege.edu,410380,4721639166
Deirdre,Newman,deirdre.newman@coloradocollege.edu,402942,7810251837
Emily,Ball,emily.ball@coloradocollege.edu,691501,6240411450
Lisa,Graham,lisa.graham@coloradocollege.edu,380048,6344578977
Leonard,Duncan,leonard.duncan@coloradocollege.edu,729485,8437406876
Deirdre,Dyer,deirdre.dyer@coloradocollege.edu,963129,6739709423
James,Hughes,james.hughes@coloradocollege.edu,203935,5156738247
Andrea,Hardacre,andrea.hardacre@coloradocollege.edu,557965,2346854643
Rachel,Sharp,rachel.sharp@coloradocollege.edu,358572,8027179207
Adrian,Rutherford,adrian.rutherford@coloradocollege.edu,973725,2285218169
Felicity,Churchill,felicity.churchill@coloradocollege.edu,809553,6406353347
David,Davidson,david.davidson@coloradocollege.edu,837700,3693454068
Molly,North,molly.north@coloradocollege.edu,511728,1597684224
Sally,Paterson,sally.paterson@coloradocollege.edu,241825,8410756760
Hannah,Mathis,hannah.mathis@coloradocollege.edu,109744,8965136045
Sam,May,sam.may@coloradocollege.edu,622081,8901547103
Natalie,Ball,natalie.ball@coloradocollege.edu,551321,4550856712
Una,Mackay,una.mackay@coloradocollege.edu,891272,1235053029
Samantha,Robertson,samantha.robertson@coloradocollege.edu,900938,5227055483
Liam,Hudson,liam.hudson@coloradocollege.edu,109421,7024124398
Dorothy,Piper,dorothy.piper@coloradocollege.edu,226780,2413268934
Simon,Lawrence,simon.lawrence@coloradocollege.edu,879101,3777311370
Penelope,Chapman,penelope.chapman@coloradocollege.edu,721841,7719991112
Diane,Hart,diane.hart@coloradocollege.edu,727506,2457960912
Diana,Carr,diana.carr@coloradocollege.edu,139882,5835449432
Ryan,Wallace,ryan.wallace@coloradocollege.edu,831219,1290249969
Gabrielle,Dyer,gabrielle.dyer@coloradocollege.edu,457195,2435405011
Evan,Langdon,evan.langdon@coloradocollege.edu,699494,5460587665
Caroline,Newman,caroline.newman@coloradocollege.edu,345465,2962107974
Benjamin,Davidson,benjamin.davidson@coloradocollege.edu,898909,2415638433
Melanie,Hardacre,melanie.hardacre@coloradocollege.edu,576756,2836492672
Jason,Cameron,jason.cameron@coloradocollege.edu,920709,4412936211
Bernadette,Greene,bernadette.greene@coloradocollege.edu,732643,3162449418
Amy,MacDonald,amy.macdonald@coloradocollege.edu,467049,4319431995
Amy,Graham,amy.graham@coloradocollege.edu,754043,6720647624
Steven,Campbell,steven.campbell@coloradocollege.edu,240839,4286962125
Leah,MacLeod,leah.macleod@coloradocollege.edu,201857,5585550607
Dylan,Ince,dylan.ince@coloradocollege.edu,282511,2514381929
Joshua,Kelly,joshua.kelly@coloradocollege.edu,281421,8146776014
Ava,Dowd,ava.dowd@coloradocollege.edu,171557,4110444512
Hannah,Jones,hannah.jones@coloradocollege.edu,174561,8127750086
Sarah,Gill,sarah.gill@coloradocollege.edu,457637,1843100295
Vanessa,Rutherford,vanessa.rutherford@coloradocollege.edu,523838,7212285253
Alison,North,alison.north@coloradocollege.edu,919881,3229355136
Joe,Sutherland,joe.sutherland@coloradocollege.edu,547262,2937443406
Stewart,Burgess,stewart.burgess@coloradocollege.edu,119747,9026103898
Jacob,Nash,jacob.nash@coloradocollege.edu,957145,3068247981
Stewart,Dickens,stewart.dickens@coloradocollege.edu,750934,6499132896
Ian,MacDonald,ian.macdonald@coloradocollege.edu,301123,7768600056
Penelope,Miller,penelope.miller@coloradocollege.edu,827457,1176812379
Jake,Brown,jake.brown@coloradocollege.edu,310514,8171101065
Christian,Hardacre,christian.hardacre@coloradocollege.edu,995529,9754693421
Christian,Blake,christian.blake@coloradocollege.edu,691476,1856049339
Kevin,Gray,kevin.gray@coloradocollege.edu,132448,4596480033
Leonard,Hamilton,leonard.hamilton@coloradocollege.edu,224803,6280591872
Adam,Marshall,adam.marshall@coloradocollege.edu,398209,8743549891
Oliver,Clarkson,oliver.clarkson@coloradocollege.edu,625686,9392436230
Connor,Johnston,connor.johnston@coloradocollege.edu,159151,8521910050
Amelia,Martin,amelia.martin@coloradocollege.edu,547851,9157049875
Charles,Brown,charles.brown@coloradocollege.edu,863895,2435253139
Steven,Vance,steven.vance@coloradocollege.edu,125746,2955579755
Joshua,Hughes,joshua.hughes@coloradocollege.edu,590478,3074272360
Alan,Parr,alan.parr@coloradocollege.edu,446862,1394408228
Lillian,Wilkins,lillian.wilkins@coloradocollege.edu,505878,7384623301
Katherine,Edmunds,katherine.edmunds@coloradocollege.edu,147834,1999514174
Connor,Abraham,connor.abraham@coloradocollege.edu,255818,7747527425
Luke,Young,luke.young@coloradocollege.edu,704970,2408775580
John,Welch,john.welch@coloradocollege.edu,511727,3887801970
Angela,Berry,angela.berry@coloradocollege.edu,562266,8354526781
Brian,Powell,brian.powell@coloradocollege.edu,699550,1442887576
Stephen,Carr,stephen.carr@coloradocollege.edu,496751,2818861912
Harry,Butler,harry.butler@coloradocollege.edu,626075,1407116351
Abigail,Burgess,abigail.burgess@coloradocollege.edu,972719,6324707474
Jason,Edmunds,jason.edmunds@coloradocollege.edu,118002,7336343810
Alexander,Henderson,alexander.henderson@coloradocollege.edu,709970,1954127936
Steven,Lee,steven.lee@coloradocollege.edu,553446,6186634424
Alexander,Miller,alexander.miller@coloradocollege.edu,773512,6729202546
Jacob,Churchill,jacob.churchill@coloradocollege.edu,415384,9274525917
Andrea,Vaughan,andrea.vaughan@coloradocollege.edu,674523,4803808904
Blake,Tucker,blake.tucker@coloradocollege.edu,374362,4157916594
Trevor,Hughes,trevor.hughes@coloradocollege.edu,210706,2695897948
Boris,Dyer,boris.dyer@coloradocollege.edu,544284,5007983363
Lauren,Abraham,lauren.abraham@coloradocollege.edu,471186,7453282361
Wendy,Gray,wendy.gray@coloradocollege.edu,975349,2719267316
Jacob,Jones,jacob.jones@coloradocollege.edu,156669,1087429742
Leah,Lambert,leah.lambert@coloradocollege.edu,199157,5090072462
Melanie,MacDonald,melanie.macdonald@coloradocollege.edu,718393,8068443080
Alan,Ball,alan.ball@coloradocollege.edu,392861,1043725128
Diane,Fraser,diane.fraser@coloradocollege.edu,128163,6086465439
Christopher,Rutherford,christopher.rutherford@coloradocollege.edu,585246,1585398994
Jasmine,Howard,jasmine.howard@coloradocollege.edu,438860,9101509729
Jonathan,Oliver,jonathan.oliver@coloradocollege.edu,829582,3767510634
Oliver,Vaughan,oliver.vaughan@coloradocollege.edu,511403,1093224607
Gordon,Springer,gordon.springer@coloradocollege.edu,263366,9840634228
Jane,Bower,jane.bower@coloradocollege.edu,176825,6410502023
Irene,Parr,irene.parr@coloradocollege.edu,884218,8256565911
Evan,Bond,evan.bond@coloradocollege.edu,342208,8841169310
Chloe,Wright,chloe.wright@coloradocollege.edu,276619,4419150822
Hannah,Ince,hannah.ince@coloradocollege.edu,205320,7292423115
Blake,Springer,blake.springer@coloradocollege.edu,512622,7474356075
Neil,Harris,neil.harris@coloradocollege.edu,701938,5764314252
Peter,Mathis,peter.mathis@coloradocollege.edu,303693,1824675557
Grace,Dyer,grace.dyer@coloradocollege.edu,512311,6433785082
Adam,Ogden,adam.ogden@coloradocollege.edu,613275,2618419519
Oliver,Smith,oliver.smith@coloradocollege.edu,835699,3996150705
Isaac,MacDonald,isaac.macdonald@coloradocollege.edu,496295,3147390099
Piers,Arnold,piers.arnold@coloradocollege.edu,372719,1256887157
Donna,Hemmings,donna.hemmings@coloradocollege.edu,971972,1049592142
Cameron,MacLeod,cameron.macleod@coloradocollege.edu,881212,6099315568
Cameron,Lyman,cameron.lyman@coloradocollege.edu,682091,1908994259
Connor,Peake,connor.peake@coloradocollege.edu,139593,9801640842
Natalie,Smith,natalie.smith@coloradocollege.edu,297770,2983277024
Dorothy,Coleman,dorothy.coleman@coloradocollege.edu,685481,6300355618
Natalie,Bell,natalie.bell@coloradocollege.edu,628717,7789742338
Heather,Knox,heather.knox@coloradocollege.edu,833056,3020664723
Deirdre,Fisher,deirdre.fisher@coloradocollege.edu,838028,6833945629
Elizabeth,Terry,elizabeth.terry@coloradocollege.edu,805914,3191024111
Irene,Wilkins,irene.wilkins@coloradocollege.edu,702946,8878499844
Joanne,Howard,joanne.howard@coloradocollege.edu,203806,6932582872
Hannah,Jackson,hannah.jackson@coloradocollege.edu,854017,2307656719
Vanessa,Ball,vanessa.ball@coloradocollege.edu,327053,7079807101
Thomas,Miller,thomas.miller@coloradocollege.edu,955267,5052326389
Diane,Parsons,diane.parsons@coloradocollege.edu,729514,5174637511
Brandon,Quinn,brandon.quinn@coloradocollege.edu,300056,6535350752
Phil,McGrath,phil.mcgrath@coloradocollege.edu,997877,6603101520
Brian,Poole,brian.poole@coloradocollege.edu,344173,8671357398
Karen,Clarkson,karen.clarkson@coloradocollege.edu,914447,1695811790
Virginia,Parr,virginia.parr@coloradocollege.edu,143884,5334419556
Harry,Kelly,harry.kelly@coloradocollege.edu,375157,2750043892
Melanie,Oliver,melanie.oliver@coloradocollege.edu,458544,5364425175
Hannah,Lambert,hannah.lambert@coloradocollege.edu,456326,3026058618
Diana,Anderson,diana.anderson@coloradocollege.edu,903435,1007255843
Sebastian,Buckland,sebastian.buckland@coloradocollege.edu,651636,2339652502
Brandon,Short,brandon.short@coloradocollege.edu,232879,5238373386
Carl,Forsyth,carl.forsyth@coloradocollege.edu,187576,7152343894
Sonia,Murray,sonia.murray@coloradocollege.edu,901691,9859123196
Donna,Blake,donna.blake@coloradocollege.edu,497229,2250822724
Sean,Paige,sean.paige@coloradocollege.edu,210402,3563350675
Victoria,Henderson,victoria.henderson@coloradocollege.edu,377285,5296796708
Kevin,Lambert,kevin.lambert@coloradocollege.edu,815285,5893691747
Liam,Arnold,liam.arnold@coloradocollege.edu,204895,2172620639
Nathan,Sharp,nathan.sharp@coloradocollege.edu,795238,9851983340
Carl,Ince,carl.ince@coloradocollege.edu,262833,5208483849
Jasmine,McLean,jasmine.mclean@coloradocollege.edu,677095,7974697532
Molly,Jones,molly.jones@coloradocollege.edu,410704,7331167023
Stephanie,Poole,stephanie.poole@coloradocollege.edu,713605,4639254469
Deirdre,Walker,deirdre.walker@coloradocollege.edu,385839,1637381119
Dorothy,Burgess,dorothy.burgess@coloradocollege.edu,418337,6104173982
Rebecca,Robertson,rebecca.robertson@coloradocollege.edu,463624,1785815761
Sam,Kerr,sam.kerr@coloradocollege.edu,945893,2130306092
Ryan,Manning,ryan.manning@coloradocollege.edu,650105,2515485685
Neil,Newman,neil.newman@coloradocollege.edu,997261,6551363828
Paul,King,paul.king@coloradocollege.edu,889654,8867702609
Jane,Wallace,jane.wallace@coloradocollege.edu,654686,7292464147
Yvonne,Wright,yvonne.wright@coloradocollege.edu,766876,8617342623
Blake,Baker,blake.baker@coloradocollege.edu,644485,8222347865
Olivia,Arnold,olivia.arnold@coloradocollege.edu,112748,6018254220
Angela,Wilkins,angela.wilkins@coloradocollege.edu,240523,7261831882
Megan,Lee,megan.lee@coloradocollege.edu,832782,1181989372
Isaac,Ross,isaac.ross@coloradocollege.edu,835643,2921923000
Richard,Carr,richard.carr@coloradocollege.edu,248609,3027168703
Dorothy,Fraser,dorothy.fraser@coloradocollege.edu,697320,4106884111
Luke,Sutherland,luke.sutherland@coloradocollege.edu,793916,1662552185
Carol,Ball,carol.ball@coloradocollege.edu,490979,9505106860
Anna,Hunter,anna.hunter@coloradocollege.edu,855818,4729023965
Faith,Walsh,faith.walsh@coloradocollege.edu,199671,4329606370
Ruth,Howard,ruth.howard@coloradocollege.edu,768446,1876720393
Abigail,Hudson,abigail.hudson@coloradocollege.edu,970178,9227616752
Anna,Mills,anna.mills@coloradocollege.edu,964119,6352456796
Gabrielle,Dickens,gabrielle.dickens@coloradocollege.edu,323539,1741517636
Jake,Hemmings,jake.hemmings@coloradocollege.edu,957818,6402710574
Brian,Ince,brian.ince@coloradocollege.edu,465865,3897468098
Charles,Gibson,charles.gibson@coloradocollege.edu,998270,5891332032
Julia,Dyer,julia.dyer@coloradocollege.edu,456437,7693197506
Zoe,Lambert,zoe.lambert@coloradocollege.edu,200051,7045381342
Felicity,Walsh,felicity.walsh@coloradocollege.edu,789675,3609021177
Ian,Hughes,ian.hughes@coloradocollege.edu,645586,1962370840
Jacob,Hemmings,jacob.hemmings@coloradocollege.edu,181682,3735539198
Wanda,Arnold,wanda.arnold@coloradocollege.edu,122638,2023649928
Stewart,Gray,stewart.gray@coloradocollege.edu,186325,9528388613
Jonathan,Hardacre,jonathan.hardacre@coloradocollege.edu,115420,8596426527
Amanda,Lyman,amanda.lyman@coloradocollege.edu,125343,8419105864
Amelia,Nolan,amelia.nolan@coloradocollege.edu,820725,2328743124
Cameron,Reid,cameron.reid@coloradocollege.edu,653508,8219118802
Gavin,Butler,gavin.butler@coloradocollege.edu,749858,6978858998
Joe,Slater,joe.slater@coloradocollege.edu,681158,4632575397
Madeleine,Wilkins,madeleine.wilkins@coloradocollege.edu,487882,2020013568
Trevor,Kerr,trevor.kerr@coloradocollege.edu,707291,4244816083
Eric,Wilkins,eric.wilkins@coloradocollege.edu,624429,1925444549
Gabrielle,Reid,gabrielle.reid@coloradocollege.edu,983263,9136066977
Fiona,Watson,fiona.watson@coloradocollege.edu,179635,6564415425
Leah,Glover,leah.glover@coloradocollege.edu,511652,6703790291
Ava,Vaughan,ava.vaughan@coloradocollege.edu,758461,6668375736
Dorothy,Watson,dorothy.watson@coloradocollege.edu,198326,9579524113
Brian,Bond,brian.bond@coloradocollege.edu,271961,8716031466
Theresa,Jones,theresa.jones@coloradocollege.edu,738384,2093830134
Adam,Underwood,adam.underwood@coloradocollege.edu,566595,2357360060
Jason,Thomson,jason.thomson@coloradocollege.edu,433102,8922787392
Gavin,Blake,gavin.blake@coloradocollege.edu,484354,7633560792
Tim,Lee,tim.lee@coloradocollege.edu,251128,7792186665
Julia,Blake,julia.blake@coloradocollege.edu,839952,4176821748
Molly,Hudson,molly.hudson@coloradocollege.edu,912111,8221618203
Evan,Abraham,evan.abraham@coloradocollege.edu,250637,5883284697
Leonard,Underwood,leonard.underwood@coloradocollege.edu,687143,6723011916
Amelia,Johnston,amelia.johnston@coloradocollege.edu,589412,9604519920
Sam,Lee,sam.lee@coloradocollege.edu,309077,9876549182
Dominic,Lyman,dominic.lyman@coloradocollege.edu,797496,1874296898
Sally,Clarkson,sally.clarkson@coloradocollege.edu,530215,2677590870
Grace,Wilson,grace.wilson@coloradocollege.edu,420859,8158445657
Warren,Wright,warren.wright@coloradocollege.edu,900556,4280287739
Christian,Coleman,christian.coleman@coloradocollege.edu,742652,7770161198
Rachel,James,rachel.james@coloradocollege.edu,400016,9139238672
Diana,Abraham,diana.abraham@coloradocollege.edu,754254,1666448244
Neil,Ross,neil.ross@coloradocollege.edu,673889,6798125069
Caroline,Parsons,caroline.parsons@coloradocollege.edu,565496,5858793867
Charles,Graham,charles.graham@coloradocollege.edu,657398,9121344659
Andrew,Lyman,andrew.lyman@coloradocollege.edu,821345,3783547869
Kylie,Jackson,kylie.jackson@coloradocollege.edu,488913,8441519610
Joanne,May,joanne.may@coloradocollege.edu,580431,5124710500
Sebastian,Burgess,sebastian.burgess@coloradocollege.edu,757315,1713824902
Phil,Morgan,phil.morgan@coloradocollege.edu,730880,5106718979
Connor,Hemmings,connor.hemmings@coloradocollege.edu,119842,9298259941
Mary,Gibson,mary.gibson@coloradocollege.edu,306426,8729062195
Dylan,Glover,dylan.glover@coloradocollege.edu,909918,7562850451
Benjamin,Fraser,benjamin.fraser@coloradocollege.edu,750662,1059626968
Stephen,Newman,stephen.newman@coloradocollege.edu,923333,7312735912
Max,Lawrence,max.lawrence@coloradocollege.edu,634973,9291639838
Nathan,Walsh,nathan.walsh@coloradocollege.edu,544896,4049929717
Sam,Young,sam.young@coloradocollege.edu,628825,8114460577
Olivia,Metcalfe,olivia.metcalfe@coloradocollege.edu,861837,2358518924
Max,Kerr,max.kerr@coloradocollege.edu,511246,8427777854
Dylan,Vance,dylan.vance@coloradocollege.edu,416934,7717207969
Mary,Black,mary.black@coloradocollege.edu,307109,4942051333
Sebastian,Taylor,sebastian.taylor@coloradocollege.edu,977979,8803527509
Lily,Scott,lily.scott@coloradocollege.edu,416876,7936713241
Owen,Terry,owen.terry@coloradocollege.edu,135069,4327636747
Steven,Smith,steven.smith@coloradocollege.edu,646269,5254494182
Joseph,Springer,joseph.springer@coloradocollege.edu,504051,3256365362
Grace,Murray,grace.murray@coloradocollege.edu,623116,8691735219
Tracey,Russell,tracey.russell@coloradocollege.edu,486020,7298902006
Tracey,Howard,tracey.howard@coloradocollege.edu,512405,1632216637
Dan,Bell,dan.bell@coloradocollege.edu,661517,6647384226
Boris,Lambert,boris.lambert@coloradocollege.edu,478499,1530923937
Ruth,Manning,ruth.manning@coloradocollege.edu,396934,7202502460
Dorothy,Edmunds,dorothy.edmunds@coloradocollege.edu,713007,7469136990
Max,Allan,max.allan@coloradocollege.edu,164114,1174152989
Natalie,Anderson,natalie.anderson@coloradocollege.edu,488880,2548622243
Stephanie,Short,stephanie.short@coloradocollege.edu,825029,1283223898
Max,Peters,max.peters@coloradocollege.edu,224962,7263303250
Christian,Graham,christian.graham@coloradocollege.edu,555331,4772403575
Kylie,Sanderson,kylie.sanderson@coloradocollege.edu,460919,9992660893
Jack,MacDonald,jack.macdonald@coloradocollege.edu,481125,4405754839
Lisa,Bond,lisa.bond@coloradocollege.edu,471149,5722680967
Emily,Scott,emily.scott@coloradocollege.edu,419896,9079061140
Nicholas,Burgess,nicholas.burgess@coloradocollege.edu,762711,4106431682
Jacob,Roberts,jacob.roberts@coloradocollege.edu,944905,7549649609
Rose,Gray,rose.gray@coloradocollege.edu,631234,7262600798
Pippa,Hughes,pippa.hughes@coloradocollege.edu,802947,9373505405
Boris,Glover,boris.glover@coloradocollege.edu,327949,4453740536
Jacob,Avery,jacob.avery@coloradocollege.edu,554788,9592626238
Gordon,Reid,gordon.reid@coloradocollege.edu,836733,6795662398
Donna,Lyman,donna.lyman@coloradocollege.edu,744240,8709889777
Caroline,Chapman,caroline.chapman@coloradocollege.edu,226871,2546330786
Sonia,Peters,sonia.peters@coloradocollege.edu,755373,3860814390
Oliver,Mackay,oliver.mackay@coloradocollege.edu,236130,7713211733
Fiona,Hodges,fiona.hodges@coloradocollege.edu,188330,6063749149
Joshua,Scott,joshua.scott@coloradocollege.edu,773116,6472648470
Ian,King,ian.king@coloradocollege.edu,643810,5525900332
Gavin,MacDonald,gavin.macdonald@coloradocollege.edu,630459,8472467299
Jennifer,Ferguson,jennifer.ferguson@coloradocollege.edu,116754,1848633855
Blake,Murray,blake.murray@coloradocollege.edu,947611,7794467026
Theresa,Martin,theresa.martin@coloradocollege.edu,380673,3342266986
Adrian,Greene,adrian.greene@coloradocollege.edu,720683,1332708082
Eric,Watson,eric.watson@coloradocollege.edu,877952,9270612128
Jane,Hill,jane.hill@coloradocollege.edu,959875,2911953983
Carol,Morrison,carol.morrison@coloradocollege.edu,181999,8747384668
Carolyn,Underwood,carolyn.underwood@coloradocollege.edu,427666,4563068202
Jonathan,Payne,jonathan.payne@coloradocollege.edu,364244,2059886430
Carolyn,Ross,carolyn.ross@coloradocollege.edu,802892,7756424795
Fiona,Mackay,fiona.mackay@coloradocollege.edu,955161,3308162724
Paul,Skinner,paul.skinner@coloradocollege.edu,193266,4637487250
Grace,Blake,grace.blake@coloradocollege.edu,253710,9785594217
Wanda,Hodges,wanda.hodges@coloradocollege.edu,664725,1071529036
Gabrielle,MacDonald,gabrielle.macdonald@coloradocollege.edu,798437,9298509279
Sonia,MacLeod,sonia.macleod@coloradocollege.edu,471667,5804621700
Audrey,King,audrey.king@coloradocollege.edu,861924,5649358305
Emma,Dickens,emma.dickens@coloradocollege.edu,232231,8426533172
Keith,Parr,keith.parr@coloradocollege.edu,603707,5651196487
Anne,Taylor,anne.taylor@coloradocollege.edu,731642,2801351438
Ava,Hudson,ava.hudson@coloradocollege.edu,547070,1686332061
Ava,Hardacre,ava.hardacre@coloradocollege.edu,250843,2211948180
Sophie,Nolan,sophie.nolan@coloradocollege.edu,832656,9220030311
Anthony,Edmunds,anthony.edmunds@coloradocollege.edu,808326,6316846836
Max,Marshall,max.marshall@coloradocollege.edu,836036,8853784449
Austin,Churchill,austin.churchill@coloradocollege.edu,977598,6862017123
Ryan,Kelly,ryan.kelly@coloradocollege.edu,813969,8963752723
Sophie,Hart,sophie.hart@coloradocollege.edu,671083,2557150448
Leonard,Parr,leonard.parr@coloradocollege.edu,340243,5775341658
John,Edmunds,john.edmunds@coloradocollege.edu,634337,8611120552
Ella,Paige,ella.paige@coloradocollege.edu,897129,1308347649
Alexandra,Simpson,alexandra.simpson@coloradocollege.edu,364018,4833621065
Mary,Welch,mary.welch@coloradocollege.edu,312051,9763963786
Emily,Dowd,emily.dowd@coloradocollege.edu,228175,1340418808
Zoe,Young,zoe.young@coloradocollege.edu,194187,1119885586
Robert,Reid,robert.reid@coloradocollege.edu,661906,2221893407
Matt,Mackay,matt.mackay@coloradocollege.edu,728943,9881518461
Joan,Bower,joan.bower@coloradocollege.edu,585893,6557163956
Lillian,Reid,lillian.reid@coloradocollege.edu,749629,1198748015
Lillian,MacLeod,lillian.macleod@coloradocollege.edu,264317,9218936674
Chloe,Coleman,chloe.coleman@coloradocollege.edu,280224,9003179764
Joe,Peters,joe.peters@coloradocollege.edu,958752,5481970796
Tracey,Vance,tracey.vance@coloradocollege.edu,505195,5923011211
Jack,Stewart,jack.stewart@coloradocollege.edu,898360,2081441078
Justin,Murray,justin.murray@coloradocollege.edu,772886,7558863934
Amelia,King,amelia.king@coloradocollege.edu,123667,6558787355
Heather,Duncan,heather.duncan@coloradocollege.edu,520774,7819890035
Anthony,Howard,anthony.howard@coloradocollege.edu,925979,3205058047
Mary,Miller,mary.miller@coloradocollege.edu,543059,6213591692
Eric,Ellison,eric.ellison@coloradocollege.edu,897341,4747471344
Victoria,Miller,victoria.miller@coloradocollege.edu,255030,7345603102
Cameron,White,cameron.white@coloradocollege.edu,380614,6206223841
Joseph,Knox,joseph.knox@coloradocollege.edu,702925,1271093413
Amelia,Scott,amelia.scott@coloradocollege.edu,844470,4532501948
Molly,Stewart,molly.stewart@coloradocollege.edu,446883,1360403187
Justin,Slater,justin.slater@coloradocollege.edu,126181,9860149018
Tracey,Bailey,tracey.bailey@coloradocollege.edu,943942,5844239004
Colin,Clarkson,colin.clarkson@coloradocollege.edu,369114,6817411304
Jason,Paterson,jason.paterson@coloradocollege.edu,828020,9515798020
Anna,Mathis,anna.mathis@coloradocollege.edu,961243,9885758589
Austin,Ogden,austin.ogden@coloradocollege.edu,648457,3853697652
Richard,Gill,richard.gill@coloradocollege.edu,687161,4025435732
Bernadette,Ogden,bernadette.ogden@coloradocollege.edu,671217,7392792183
Jessica,Hamilton,jessica.hamilton@coloradocollege.edu,720668,1097065226
Alexandra,Hodges,alexandra.hodges@coloradocollege.edu,662294,1768993500
Robert,Butler,robert.butler@coloradocollege.edu,557675,6174544412
Jan,Rees,jan.rees@coloradocollege.edu,105081,7880844596
Heather,Poole,heather.poole@coloradocollege.edu,689241,3055222828
Neil,McGrath,neil.mcgrath@coloradocollege.edu,897253,1260549583
Lisa,Thomson,lisa.thomson@coloradocollege.edu,710617,7563061228
Rachel,Blake,rachel.blake@coloradocollege.edu,934192,4899973378
Amy,MacLeod,amy.macleod@coloradocollege.edu,713603,8461533248
Olivia,Rutherford,olivia.rutherford@coloradocollege.edu,162902,8768557632
Jack,Lyman,jack.lyman@coloradocollege.edu,329710,5498325614
Neil,Paige,neil.paige@coloradocollege.edu,659709,9759109893
Rebecca,Rampling,rebecca.rampling@coloradocollege.edu,806920,4984480235
Christopher,Randall,christopher.randall@coloradocollege.edu,796130,1308948233
Caroline,Forsyth,caroline.forsyth@coloradocollege.edu,488255,2816832294
Donna,Quinn,donna.quinn@coloradocollege.edu,922109,6263435671
Steven,Brown,steven.brown@coloradocollege.edu,231975,3627092382
Sebastian,Miller,sebastian.miller@coloradocollege.edu,849955,5094761830
Kimberly,Walsh,kimberly.walsh@coloradocollege.edu,961536,2527853905
Penelope,Brown,penelope.brown@coloradocollege.edu,917420,7736225523
Amanda,Manning,amanda.manning@coloradocollege.edu,652092,5119214453
Gordon,Langdon,gordon.langdon@coloradocollege.edu,117606,6720245004
Chloe,Wilkins,chloe.wilkins@coloradocollege.edu,992483,3892477430
Matt,Rutherford,matt.rutherford@coloradocollege.edu,103409,1803045188
Irene,Bower,irene.bower@coloradocollege.edu,698770,1632559191
Victoria,Howard,victoria.howard@coloradocollege.edu,234759,2450745899
Jan,Turner,jan.turner@coloradocollege.edu,330842,8636368080
Yvonne,Berry,yvonne.berry@coloradocollege.edu,269523,7586119719
Kevin,Bower,kevin.bower@coloradocollege.edu,614277,4652624296
David,Chapman,david.chapman@coloradocollege.edu,281910,4695160856
Sarah,Clarkson,sarah.clarkson@coloradocollege.edu,536141,9773753437
Neil,Lyman,neil.lyman@coloradocollege.edu,907626,2647530170
Emma,Johnston,emma.johnston@coloradocollege.edu,941258,7623736373
Lauren,Russell,lauren.russell@coloradocollege.edu,379779,8057028771
Joan,Bell,joan.bell@coloradocollege.edu,751742,6856912578
Isaac,Jones,isaac.jones@coloradocollege.edu,916791,5529160139
Sean,Cameron,sean.cameron@coloradocollege.edu,543395,9656208086
Virginia,Wilson,virginia.wilson@coloradocollege.edu,315825,3243680618
Bella,White,bella.white@coloradocollege.edu,706332,7933396880
Jane,Ogden,jane.ogden@coloradocollege.edu,663890,2991103120
Carolyn,Hudson,carolyn.hudson@coloradocollege.edu,127076,7800183401
Alan,Underwood,alan.underwood@coloradocollege.edu,775909,2272616971
Sonia,Stewart,sonia.stewart@coloradocollege.edu,178916,5755002218
Warren,Hart,warren.hart@coloradocollege.edu,193640,5266494687
Tracey,Lambert,tracey.lambert@coloradocollege.edu,724805,5712886671
Richard,Hardacre,richard.hardacre@coloradocollege.edu,500418,7625672289
Michelle,Arnold,michelle.arnold@coloradocollege.edu,778961,8229308910
Melanie,Clarkson,melanie.clarkson@coloradocollege.edu,356473,2738583734
Thomas,Davidson,thomas.davidson@coloradocollege.edu,925240,8169557099
Owen,Robertson,owen.robertson@coloradocollege.edu,978167,1832301326
Sophie,Baker,sophie.baker@coloradocollege.edu,287611,9309387903
Christopher,Sanderson,christopher.sanderson@coloradocollege.edu,846202,7161700949
Sonia,Marshall,sonia.marshall@coloradocollege.edu,837803,6558281028
Brandon,Ferguson,brandon.ferguson@coloradocollege.edu,410648,3383527606
Trevor,Anderson,trevor.anderson@coloradocollege.edu,204242,9192435157
Jennifer,Marshall,jennifer.marshall@coloradocollege.edu,316620,3861667778
Deirdre,Kerr,deirdre.kerr@coloradocollege.edu,374683,6417727145
Pippa,Springer,pippa.springer@coloradocollege.edu,314956,1426875263
Kimberly,Bond,kimberly.bond@coloradocollege.edu,597373,2737332654
Leonard,Clarkson,leonard.clarkson@coloradocollege.edu,684949,3894779927
Gabrielle,Watson,gabrielle.watson@coloradocollege.edu,824881,9998542401
Maria,Allan,maria.allan@coloradocollege.edu,867492,4640343881
Tracey,Cameron,tracey.cameron@coloradocollege.edu,258028,7271026727
Luke,Graham,luke.graham@coloradocollege.edu,561777,2593457053
Cameron,Morgan,cameron.morgan@coloradocollege.edu,184860,8931909847
Diane,Mills,diane.mills@coloradocollege.edu,184388,8156118643
Bella,Rampling,bella.rampling@coloradocollege.edu,227157,1043850277
Cameron,Metcalfe,cameron.metcalfe@coloradocollege.edu,637535,2731887485
David,White,david.white@coloradocollege.edu,147140,6344518857
Stephanie,Mills,stephanie.mills@coloradocollege.edu,148740,9728202177
Jane,Martin,jane.martin@coloradocollege.edu,767901,6584478799
Emily,McGrath,emily.mcgrath@coloradocollege.edu,730982,8732400514
Kevin,McGrath,kevin.mcgrath@coloradocollege.edu,712685,8261239386
Austin,Springer,austin.springer@coloradocollege.edu,719767,2579352583
Lisa,Mathis,lisa.mathis@coloradocollege.edu,407157,4895463851
Wendy,Manning,wendy.manning@coloradocollege.edu,112323,8153029714
Stephen,Welch,stephen.welch@coloradocollege.edu,788128,6466214716
Sally,Coleman,sally.coleman@coloradocollege.edu,421904,4015744337
Stewart,Wilson,stewart.wilson@coloradocollege.edu,255574,8275455452
Anna,Dickens,anna.dickens@coloradocollege.edu,607163,2667949542
Karen,Cameron,karen.cameron@coloradocollege.edu,812114,9272272067
David,Hudson,david.hudson@coloradocollege.edu,596616,9577475633
Eric,Walker,eric.walker@coloradocollege.edu,632434,2867451964
Virginia,Coleman,virginia.coleman@coloradocollege.edu,540912,7149626747
Mary,Parsons,mary.parsons@coloradocollege.edu,614519,3792454969
Carl,McLean,carl.mclean@coloradocollege.edu,545297,7977153968
Carol,Bond,carol.bond@coloradocollege.edu,865137,9666030796
Felicity,Paige,felicity.paige@coloradocollege.edu,228917,4072163145
Sophie,Coleman,sophie.coleman@coloradocollege.edu,465870,9736120809
Jake,MacDonald,jake.macdonald@coloradocollege.edu,359092,9853220709
Kevin,Scott,kevin.scott@coloradocollege.edu,594451,8359613924
Maria,Bell,maria.bell@coloradocollege.edu,656678,2535305660
Harry,Howard,harry.howard@coloradocollege.edu,873913,1707372349
Neil,Butler,neil.butler@coloradocollege.edu,564741,1358089962
Keith,Henderson,keith.henderson@coloradocollege.edu,659994,2161022794
Amanda,Brown,amanda.brown@coloradocollege.edu,722138,6152210671
Matt,Turner,matt.turner@coloradocollege.edu,669508,9063773822
Una,Short,una.short@coloradocollege.edu,716307,3196004589
Paul,Dowd,paul.dowd@coloradocollege.edu,630729,1507969296
Una,Ellison,una.ellison@coloradocollege.edu,289492,5092901878
Sonia,Short,sonia.short@coloradocollege.edu,207975,2832437561
Anna,Walker,anna.walker@coloradocollege.edu,659637,9972760950
Sam,McDonald,sam.mcdonald@coloradocollege.edu,563353,8781923187
Sue,Wilson,sue.wilson@coloradocollege.edu,436721,6436167539
Kylie,Ferguson,kylie.ferguson@coloradocollege.edu,427341,5063983933
Stephanie,Sharp,stephanie.sharp@coloradocollege.edu,797427,6706820727
Ryan,Edmunds,ryan.edmunds@coloradocollege.edu,180398,3351508204
Michelle,Chapman,michelle.chapman@coloradocollege.edu,239379,4488628712
Christopher,Hardacre,christopher.hardacre@coloradocollege.edu,225130,5736383513
Wanda,Butler,wanda.butler@coloradocollege.edu,490854,8885581096
Tracey,Grant,tracey.grant@coloradocollege.edu,247621,8896142685
Eric,Carr,eric.carr@coloradocollege.edu,207849,4150187423
Austin,Graham,austin.graham@coloradocollege.edu,537418,7149201839
Zoe,Davies,zoe.davies@coloradocollege.edu,383566,4241180628
Lauren,Rampling,lauren.rampling@coloradocollege.edu,825011,1271273118
Fiona,MacDonald,fiona.macdonald@coloradocollege.edu,292312,6377153898
Lily,Ogden,lily.ogden@coloradocollege.edu,925331,4935415424
Jason,Robertson,jason.robertson@coloradocollege.edu,789488,5637651457
Nathan,Mills,nathan.mills@coloradocollege.edu,358262,7586733782
Melanie,Jackson,melanie.jackson@coloradocollege.edu,188899,6514626113
Una,Taylor,una.taylor@coloradocollege.edu,460550,3625828548
Joan,Underwood,joan.underwood@coloradocollege.edu,711029,3858638335
Carl,May,carl.may@coloradocollege.edu,584621,2037163540
Audrey,Paige,audrey.paige@coloradocollege.edu,122509,3115434264
Anna,Kerr,anna.kerr@coloradocollege.edu,398976,5582155744
Audrey,Carr,audrey.carr@coloradocollege.edu,555952,4955529096
Michael,Gill,michael.gill@coloradocollege.edu,963889,2987928089
Diane,Smith,diane.smith@coloradocollege.edu,775345,8110103069
Pippa,Hunter,pippa.hunter@coloradocollege.edu,389223,2145430465
Sally,James,sally.james@coloradocollege.edu,818254,1359335380
Peter,McLean,peter.mclean@coloradocollege.edu,817639,2993130390
Amelia,Stewart,amelia.stewart@coloradocollege.edu,475134,8544676530
Sarah,Thomson,sarah.thomson@coloradocollege.edu,998558,1217927440
Samantha,Hill,samantha.hill@coloradocollege.edu,687972,6151025909
Madeleine,Hardacre,madeleine.hardacre@coloradocollege.edu,895929,4373859927
Nathan,Dowd,nathan.dowd@coloradocollege.edu,601852,1263115388
Samantha,Walsh,samantha.walsh@coloradocollege.edu,333002,9638156945
Deirdre,Anderson,deirdre.anderson@coloradocollege.edu,535276,4531912173
Anna,Miller,anna.miller@coloradocollege.edu,373957,2140062595
Elizabeth,James,elizabeth.james@coloradocollege.edu,901897,6310481631
Samantha,Wright,samantha.wright@coloradocollege.edu,213331,3195284351
David,Ince,david.ince@coloradocollege.edu,502300,4788813637
William,Powell,william.powell@coloradocollege.edu,638311,1114660640
Sue,Parsons,sue.parsons@coloradocollege.edu,583204,1895196233
Amy,Rampling,amy.rampling@coloradocollege.edu,362332,7152046373
Theresa,Dowd,theresa.dowd@coloradocollege.edu,987603,6619350530
Megan,Walsh,megan.walsh@coloradocollege.edu,631403,8191196661
Melanie,Skinner,melanie.skinner@coloradocollege.edu,504537,3833299977
Joe,Ince,joe.ince@coloradocollege.edu,867808,6960753389
Oliver,Young,oliver.young@coloradocollege.edu,148126,9650235211
Nicholas,Anderson,nicholas.anderson@coloradocollege.edu,540026,5782728321
Jonathan,Manning,jonathan.manning@coloradocollege.edu,901433,4342061909
Penelope,Stewart,penelope.stewart@coloradocollege.edu,601191,8721784549
Austin,Hodges,austin.hodges@coloradocollege.edu,543877,7805423689
Carol,Forsyth,carol.forsyth@coloradocollege.edu,561063,1584753472
Leonard,Mathis,leonard.mathis@coloradocollege.edu,310133,6811458416
Emily,Lawrence,emily.lawrence@coloradocollege.edu,243182,5827098921
Ian,Mills,ian.mills@coloradocollege.edu,509719,6169921137
Mary,Randall,mary.randall@coloradocollege.edu,335497,1814622747
Julia,Morgan,julia.morgan@coloradocollege.edu,778867,6672229493
Virginia,Reid,virginia.reid@coloradocollege.edu,193555,9182977193
Paul,Hill,paul.hill@coloradocollege.edu,428861,1227736750
Adrian,Stewart,adrian.stewart@coloradocollege.edu,932538,6104705697
Jacob,Duncan,jacob.duncan@coloradocollege.edu,406519,6751141700
Gordon,Parsons,gordon.parsons@coloradocollege.edu,770506,8197138040
Robert,Simpson,robert.simpson@coloradocollege.edu,424426,7190698902
Boris,White,boris.white@coloradocollege.edu,706560,9364772641
Leonard,Slater,leonard.slater@coloradocollege.edu,141782,4742584622
Boris,Sharp,boris.sharp@coloradocollege.edu,575919,7139550431
Thomas,Wilson,thomas.wilson@coloradocollege.edu,991654,1368160829
Sophie,James,sophie.james@coloradocollege.edu,274598,5546521882
Andrea,Hunter,andrea.hunter@coloradocollege.edu,726336,7181922049
Robert,Campbell,robert.campbell@coloradocollege.edu,373744,2853235739
James,Blake,james.blake@coloradocollege.edu,570444,5347000270
Jan,Randall,jan.randall@coloradocollege.edu,632965,5712209915
Oliver,Roberts,oliver.roberts@coloradocollege.edu,252251,4025178671
Joanne,Rees,joanne.rees@coloradocollege.edu,585329,5948169142
Gordon,MacLeod,gordon.macleod@coloradocollege.edu,821610,1645225080
Victor,Gill,victor.gill@coloradocollege.edu,216577,4440366728
Jennifer,Vaughan,jennifer.vaughan@coloradocollege.edu,276533,1373787188
Gabrielle,Brown,gabrielle.brown@coloradocollege.edu,385347,6280451107
Brian,Sutherland,brian.sutherland@coloradocollege.edu,895898,9796957125
Dorothy,Payne,dorothy.payne@coloradocollege.edu,870831,6152562610
Max,Watson,max.watson@coloradocollege.edu,789466,2789396152
Max,Ellison,max.ellison@coloradocollege.edu,965491,6551337122
Simon,Clarkson,simon.clarkson@coloradocollege.edu,732595,8223940634
Theresa,Campbell,theresa.campbell@coloradocollege.edu,458229,6414088458
Adam,MacLeod,adam.macleod@coloradocollege.edu,830095,2928630396
Sonia,Lee,sonia.lee@coloradocollege.edu,852741,9658843446
Madeleine,Lawrence,madeleine.lawrence@coloradocollege.edu,790778,8421843491
Gordon,Hunter,gordon.hunter@coloradocollege.edu,508485,6823417241
Hannah,McLean,hannah.mclean@coloradocollege.edu,413956,4605156237
Alexandra,Gill,alexandra.gill@coloradocollege.edu,366449,2340848775
Warren,Murray,warren.murray@coloradocollege.edu,182428,8615709951
Sam,Ince,sam.ince@coloradocollege.edu,474474,7625964879
Carol,Cornish,carol.cornish@coloradocollege.edu,241056,5871952064
Lucas,Gray,lucas.gray@coloradocollege.edu,835052,6940408100
Adrian,Harris,adrian.harris@coloradocollege.edu,303767,2173917715
Sarah,White,sarah.white@coloradocollege.edu,624992,6150518057
Michael,Slater,michael.slater@coloradocollege.edu,802278,4452444628
Emily,Sanderson,emily.sanderson@coloradocollege.edu,287845,2232509212
Edward,Lawrence,edward.lawrence@coloradocollege.edu,791151,9250972536
David,Reid,david.reid@coloradocollege.edu,605290,1296252545
Stewart,Reid,stewart.reid@coloradocollege.edu,529077,4265173214
Carol,Fisher,carol.fisher@coloradocollege.edu,452539,1038526419
Felicity,Morrison,felicity.morrison@coloradocollege.edu,842047,1179429395
Rebecca,McDonald,rebecca.mcdonald@coloradocollege.edu,442933,5763059747
Lauren,Murray,lauren.murray@coloradocollege.edu,785445,3802195487
Benjamin,Campbell,benjamin.campbell@coloradocollege.edu,904174,5451429203
Blake,Scott,blake.scott@coloradocollege.edu,684194,1752638758
Donna,Payne,donna.payne@coloradocollege.edu,879344,5737304305
Colin,Kerr,colin.kerr@coloradocollege.edu,455995,9256362643
Karen,Campbell,karen.campbell@coloradocollege.edu,805980,4574628926
William,Paterson,william.paterson@coloradocollege.edu,418963,1696071842
Nicola,Sharp,nicola.sharp@coloradocollege.edu,956621,6038343491
Sean,Ross,sean.ross@coloradocollege.edu,369442,1483882529
David,Lambert,david.lambert@coloradocollege.edu,239997,7645072858
Samantha,Parsons,samantha.parsons@coloradocollege.edu,479981,3614903713
Christian,Tucker,christian.tucker@coloradocollege.edu,297179,7901357848
Kevin,Davies,kevin.davies@coloradocollege.edu,444186,3603495876
Piers,Kelly,piers.kelly@coloradocollege.edu,367620,9411034490
Dylan,Murray,dylan.murray@coloradocollege.edu,455266,6476033089
Caroline,Johnston,caroline.johnston@coloradocollege.edu,758384,1433415273
Lisa,Short,lisa.short@coloradocollege.edu,844459,3947128879
Kylie,Hughes,kylie.hughes@coloradocollege.edu,497572,1312593239
John,Martin,john.martin@coloradocollege.edu,842737,2750693369
Austin,Sutherland,austin.sutherland@coloradocollege.edu,520013,4483546414
Julia,Hudson,julia.hudson@coloradocollege.edu,525401,7384380852
Nathan,Pullman,nathan.pullman@coloradocollege.edu,717725,4396575599
Theresa,Parsons,theresa.parsons@coloradocollege.edu,752152,7989912613
Benjamin,Marshall,benjamin.marshall@coloradocollege.edu,810558,5256722628
Megan,Graham,megan.graham@coloradocollege.edu,525636,9376328195
Yvonne,Hughes,yvonne.hughes@coloradocollege.edu,329065,1634018741
Eric,Short,eric.short@coloradocollege.edu,678267,2801420869
Carl,Hudson,carl.hudson@coloradocollege.edu,539411,9324995086
Adrian,Campbell,adrian.campbell@coloradocollege.edu,715275,5823828638
Yvonne,Glover,yvonne.glover@coloradocollege.edu,603548,9069791081
Hannah,Skinner,hannah.skinner@coloradocollege.edu,940332,5163107811
Harry,Hodges,harry.hodges@coloradocollege.edu,492051,4362219621
Anna,Hamilton,anna.hamilton@coloradocollege.edu,326027,6913385223
Jasmine,Hart,jasmine.hart@coloradocollege.edu,939312,1353669057
Boris,King,boris.king@coloradocollege.edu,478261,1469562633
Isaac,Underwood,isaac.underwood@coloradocollege.edu,432587,4245387034
Caroline,Welch,caroline.welch@coloradocollege.edu,180663,9271946626
Alan,Langdon,alan.langdon@coloradocollege.edu,930699,1625493360
Peter,Glover,peter.glover@coloradocollege.edu,372815,9701005377
Grace,Nash,grace.nash@coloradocollege.edu,797365,8500779672
Richard,Burgess,richard.burgess@coloradocollege.edu,914238,3583071439
Bernadette,Allan,bernadette.allan@coloradocollege.edu,792815,9851114520
Stephen,Dyer,stephen.dyer@coloradocollege.edu,326311,8487722091
Stewart,Gill,stewart.gill@coloradocollege.edu,967979,3013616391
Katherine,Clark,katherine.clark@coloradocollege.edu,976944,1835929152
Diane,Grant,diane.grant@coloradocollege.edu,522721,8037871126
Sonia,Terry,sonia.terry@coloradocollege.edu,908410,7134560680
Jack,Baker,jack.baker@coloradocollege.edu,865028,6605645915
Theresa,Lee,theresa.lee@coloradocollege.edu,265908,5099631759
Brandon,May,brandon.may@coloradocollege.edu,581532,6155387464
Dan,Lambert,dan.lambert@coloradocollege.edu,391738,4756680058
Kevin,Anderson,kevin.anderson@coloradocollege.edu,366165,1095322998
Mary,Hughes,mary.hughes@coloradocollege.edu,803118,3977661222
Michael,Walsh,michael.walsh@coloradocollege.edu,861557,9531334588
Steven,Pullman,steven.pullman@coloradocollege.edu,926224,7745101821
Diane,Taylor,diane.taylor@coloradocollege.edu,921596,2019926244
Donna,Gill,donna.gill@coloradocollege.edu,759681,9448100852
Owen,Alsop,owen.alsop@coloradocollege.edu,735716,6954983358
Victoria,Jackson,victoria.jackson@coloradocollege.edu,933403,6962343806
Jacob,Watson,jacob.watson@coloradocollege.edu,580113,5858092291
Madeleine,Bower,madeleine.bower@coloradocollege.edu,381857,8109810430
Lisa,Wallace,lisa.wallace@coloradocollege.edu,135409,9450151387
Harry,Dowd,harry.dowd@coloradocollege.edu,810312,3985726292
Wanda,Marshall,wanda.marshall@coloradocollege.edu,303312,7993394237
Sam,Ball,sam.ball@coloradocollege.edu,270988,9927422173
Paul,Henderson,paul.henderson@coloradocollege.edu,439893,9608904664
Max,Bailey,max.bailey@coloradocollege.edu,301682,1549639385
Benjamin,Anderson,benjamin.anderson@coloradocollege.edu,105867,5858595382
Amy,McLean,amy.mclean@coloradocollege.edu,231245,2544058930
Jonathan,Bond,jonathan.bond@coloradocollege.edu,253440,8091847274
Faith,Rampling,faith.rampling@coloradocollege.edu,755645,3988024561
Amanda,Jackson,amanda.jackson@coloradocollege.edu,512384,1395675569
Frank,Rutherford,frank.rutherford@coloradocollege.edu,326790,6818541097
Bernadette,Poole,bernadette.poole@coloradocollege.edu,607125,5759355022
Warren,Payne,warren.payne@coloradocollege.edu,484183,4521552610
Alexandra,James,alexandra.james@coloradocollege.edu,639047,7049934071
Alexander,Peake,alexander.peake@coloradocollege.edu,843902,2879379393
Boris,Randall,boris.randall@coloradocollege.edu,646696,3432432681
Julia,Lee,julia.lee@coloradocollege.edu,323555,9482571672
Luke,Hamilton,luke.hamilton@coloradocollege.edu,695378,1015151477
Diane,Nolan,diane.nolan@coloradocollege.edu,526397,2073767429
Owen,Hudson,owen.hudson@coloradocollege.edu,764173,3057331210
Julian,Butler,julian.butler@coloradocollege.edu,664091,7937190502
Neil,Sharp,neil.sharp@coloradocollege.edu,105614,8283406055
Jessica,Oliver,jessica.oliver@coloradocollege.edu,527339,9767492941
Jason,Marshall,jason.marshall@coloradocollege.edu,369873,7387317161
Andrew,Newman,andrew.newman@coloradocollege.edu,486422,5227103792
Claire,Davies,claire.davies@coloradocollege.edu,450812,7188646698
Richard,Clark,richard.clark@coloradocollege.edu,100410,2056130731
Sue,Butler,sue.butler@coloradocollege.edu,342040,3072560159
Liam,Springer,liam.springer@coloradocollege.edu,382029,2817643284
Leonard,Vaughan,leonard.vaughan@coloradocollege.edu,676707,1842081089
Joshua,Ince,joshua.ince@coloradocollege.edu,846318,2706744419
Audrey,Stewart,audrey.stewart@coloradocollege.edu,803841,5131487578
Karen,Quinn,karen.quinn@coloradocollege.edu,879635,8974330768
Fiona,Clark,fiona.clark@coloradocollege.edu,391174,3484431768
Warren,Sharp,warren.sharp@coloradocollege.edu,870832,3672180375
Keith,Robertson,keith.robertson@coloradocollege.edu,967286,8229089104
Ava,May,ava.may@coloradocollege.edu,310781,3001226429
Isaac,Metcalfe,isaac.metcalfe@coloradocollege.edu,814107,1736368261
Karen,Manning,karen.manning@coloradocollege.edu,854613,3830413567
Luke,Taylor,luke.taylor@coloradocollege.edu,593853,6949185417
David,Quinn,david.quinn@coloradocollege.edu,894508,3169919605
Lily,Smith,lily.smith@coloradocollege.edu,731076,9185612354
Vanessa,Clark,vanessa.clark@coloradocollege.edu,770598,4524910132
Heather,Gibson,heather.gibson@coloradocollege.edu,952453,5324724022
Amanda,Allan,amanda.allan@coloradocollege.edu,347939,4318523518
Justin,King,justin.king@coloradocollege.edu,799224,3485400365
Rachel,Bower,rachel.bower@coloradocollege.edu,250074,8141738041
Keith,Mathis,keith.mathis@coloradocollege.edu,205292,6277521389
William,McLean,william.mclean@coloradocollege.edu,215597,3699657108
Michael,Manning,michael.manning@coloradocollege.edu,219258,5020638155
Carol,Slater,carol.slater@coloradocollege.edu,760575,8270970662
Mary,Hart,mary.hart@coloradocollege.edu,878657,1963478810
Jacob,Piper,jacob.piper@coloradocollege.edu,738031,9935724904
James,Ellison,james.ellison@coloradocollege.edu,941451,2163764666
Sonia,Quinn,sonia.quinn@coloradocollege.edu,800118,7257585931
Eric,Ferguson,eric.ferguson@coloradocollege.edu,968757,2835746520
Amanda,Morgan,amanda.morgan@coloradocollege.edu,431913,4609925984
Alexander,Cornish,alexander.cornish@coloradocollege.edu,328872,3981658151
Dan,Springer,dan.springer@coloradocollege.edu,767020,3794136634
Bernadette,Stewart,bernadette.stewart@coloradocollege.edu,541700,3616812780
Rachel,Harris,rachel.harris@coloradocollege.edu,209431,5400285273
Warren,Clark,warren.clark@coloradocollege.edu,331283,9631031727
Ava,Coleman,ava.coleman@coloradocollege.edu,400477,9979610634
Justin,Ellison,justin.ellison@coloradocollege.edu,455569,1278827648
Sue,Davies,sue.davies@coloradocollege.edu,896799,7848832372
Evan,Cameron,evan.cameron@coloradocollege.edu,468116,2522536000
Deirdre,Alsop,deirdre.alsop@coloradocollege.edu,437000,2974672201
Stephanie,Howard,stephanie.howard@coloradocollege.edu,165629,7362270764
Hannah,Forsyth,hannah.forsyth@coloradocollege.edu,842880,6083396807
Vanessa,Knox,vanessa.knox@coloradocollege.edu,109121,4472666945
Caroline,Davies,caroline.davies@coloradocollege.edu,681854,5684275211
Ava,Glover,ava.glover@coloradocollege.edu,302273,4200634761
Heather,Arnold,heather.arnold@coloradocollege.edu,680073,6674785486
Jennifer,Gibson,jennifer.gibson@coloradocollege.edu,218993,5749996791
Joshua,McDonald,joshua.mcdonald@coloradocollege.edu,926194,8999962354
Andrew,Forsyth,andrew.forsyth@coloradocollege.edu,682418,5555589221
Sean,Quinn,sean.quinn@coloradocollege.edu,157459,6408797216
Megan,Ball,megan.ball@coloradocollege.edu,940142,3487479135
Madeleine,Short,madeleine.short@coloradocollege.edu,241800,7339109928
Carl,Roberts,carl.roberts@coloradocollege.edu,562484,8810148902
Emily,Reid,emily.reid@coloradocollege.edu,860303,2593595712
Nathan,Payne,nathan.payne@coloradocollege.edu,237910,4911885986
Jane,Avery,jane.avery@coloradocollege.edu,637624,2261031624
Anthony,Butler,anthony.butler@coloradocollege.edu,315032,7304513036
Theresa,Anderson,theresa.anderson@coloradocollege.edu,491480,7763328028
Rachel,MacDonald,rachel.macdonald@coloradocollege.edu,971653,3668141726
Joanne,MacDonald,joanne.macdonald@coloradocollege.edu,674702,9007726369
Piers,Walsh,piers.walsh@coloradocollege.edu,909956,7442568337
Gabrielle,Johnston,gabrielle.johnston@coloradocollege.edu,414161,3928137404
Bella,Butler,bella.butler@coloradocollege.edu,485125,5351515798
Katherine,Parr,katherine.parr@coloradocollege.edu,466296,8310251724
Carl,Martin,carl.martin@coloradocollege.edu,715835,4703319702
James,Rutherford,james.rutherford@coloradocollege.edu,899483,8267025497
Anne,Nolan,anne.nolan@coloradocollege.edu,331044,9092068607
Melanie,Lawrence,melanie.lawrence@coloradocollege.edu,617578,7412401060
Fiona,Short,fiona.short@coloradocollege.edu,194229,3184744226
Benjamin,Chapman,benjamin.chapman@coloradocollege.edu,206529,8291182563
Carl,Duncan,carl.duncan@coloradocollege.edu,600485,2251215270
Isaac,Brown,isaac.brown@coloradocollege.edu,405739,2034789920
Liam,Brown,liam.brown@coloradocollege.edu,968462,2048137465
David,Henderson,david.henderson@coloradocollege.edu,470260,2564543840
Audrey,Wilson,audrey.wilson@coloradocollege.edu,250659,9414378737
Keith,Graham,keith.graham@coloradocollege.edu,275592,2707514894
Jan,Russell,jan.russell@coloradocollege.edu,685787,4258663132
Rebecca,Peters,rebecca.peters@coloradocollege.edu,406721,2763460297
Steven,Forsyth,steven.forsyth@coloradocollege.edu,801825,8106932061
Julia,Rutherford,julia.rutherford@coloradocollege.edu,746995,8670955306
Boris,Forsyth,boris.forsyth@coloradocollege.edu,615258,4161358450
Joe,Young,joe.young@coloradocollege.edu,751708,2782270973
Kevin,Alsop,kevin.alsop@coloradocollege.edu,343029,5810097178
Amanda,Wallace,amanda.wallace@coloradocollege.edu,448415,9283277746
Steven,Fisher,steven.fisher@coloradocollege.edu,342062,1652173082
Alan,Bell,alan.bell@coloradocollege.edu,829879,7862045627
William,Morgan,william.morgan@coloradocollege.edu,427546,9160600159
Molly,Johnston,molly.johnston@coloradocollege.edu,801689,9717423357
Sophie,Hamilton,sophie.hamilton@coloradocollege.edu,268374,8557875168
Karen,Ince,karen.ince@coloradocollege.edu,262928,4612448948
Kylie,Ince,kylie.ince@coloradocollege.edu,829218,6187852824
John,Greene,john.greene@coloradocollege.edu,845532,3473322153
Nicholas,Hudson,nicholas.hudson@coloradocollege.edu,251662,1223717983
Emma,Vaughan,emma.vaughan@coloradocollege.edu,130095,2769915117
Michelle,Hunter,michelle.hunter@coloradocollege.edu,965872,4472223759
Edward,Manning,edward.manning@coloradocollege.edu,816286,4766397270
Tim,Edmunds,tim.edmunds@coloradocollege.edu,393923,2322401912
Yvonne,Ince,yvonne.ince@coloradocollege.edu,798894,3642438749
Robert,Metcalfe,robert.metcalfe@coloradocollege.edu,512107,3571696898
Claire,Paige,claire.paige@coloradocollege.edu,996948,7392627272
Leonard,MacDonald,leonard.macdonald@coloradocollege.edu,364658,5447115319
Diane,Brown,diane.brown@coloradocollege.edu,498935,9197134656
Lucas,Dyer,lucas.dyer@coloradocollege.edu,925828,7027346220
Jane,Hughes,jane.hughes@coloradocollege.edu,815732,9584444492
Jonathan,McLean,jonathan.mclean@coloradocollege.edu,875976,4894767800
Jasmine,Mackay,jasmine.mackay@coloradocollege.edu,995343,8608535153
Isaac,Bond,isaac.bond@coloradocollege.edu,222673,1704491000
Pippa,Newman,pippa.newman@coloradocollege.edu,861110,6590822869
Sue,Wright,sue.wright@coloradocollege.edu,793942,5920393269
Cameron,Ince,cameron.ince@coloradocollege.edu,804876,9056909299
Frank,Newman,frank.newman@coloradocollege.edu,571969,4445402767
Sean,May,sean.may@coloradocollege.edu,870949,1218050516
Claire,McGrath,claire.mcgrath@coloradocollege.edu,731876,7288763741
Alison,Campbell,alison.campbell@coloradocollege.edu,755206,1511774397
Natalie,James,natalie.james@coloradocollege.edu,545746,5381190371
Sonia,Parsons,sonia.parsons@coloradocollege.edu,279390,7542420976
Jake,Mackenzie,jake.mackenzie@coloradocollege.edu,684063,6425766717
Yvonne,Kelly,yvonne.kelly@coloradocollege.edu,801229,1433522682
Dan,Churchill,dan.churchill@coloradocollege.edu,934093,3683857201
Stephanie,Marshall,stephanie.marshall@coloradocollege.edu,399474,3670321106
Ryan,Martin,ryan.martin@coloradocollege.edu,376490,2574645203
Nicholas,King,nicholas.king@coloradocollege.edu,819002,6646222947
Jasmine,Parsons,jasmine.parsons@coloradocollege.edu,908402,4189287526
John,Lewis,john.lewis@coloradocollege.edu,988918,8465394411
Lisa,Bailey,lisa.bailey@coloradocollege.edu,752711,8599864453
Samantha,Hodges,samantha.hodges@coloradocollege.edu,314885,7502085243
Ian,Mitchell,ian.mitchell@coloradocollege.edu,452541,8100411619
Cameron,Walsh,cameron.walsh@coloradocollege.edu,673091,2850500150
William,Knox,william.knox@coloradocollege.edu,298033,7894312622
Sebastian,Quinn,sebastian.quinn@coloradocollege.edu,238656,3209080608
Nicola,Hill,nicola.hill@coloradocollege.edu,778279,3180186974
Trevor,Russell,trevor.russell@coloradocollege.edu,354243,6723765249
Dan,Sanderson,dan.sanderson@coloradocollege.edu,538346,3063426603
Owen,Abraham,owen.abraham@coloradocollege.edu,815372,6402421330
Alexandra,Hunter,alexandra.hunter@coloradocollege.edu,276374,2051341075
Lauren,Anderson,lauren.anderson@coloradocollege.edu,506473,6489670121
Caroline,Ogden,caroline.ogden@coloradocollege.edu,881181,6138618427
Ella,Fraser,ella.fraser@coloradocollege.edu,933454,4448280549
Ella,Paterson,ella.paterson@coloradocollege.edu,988702,4804204036
John,Paterson,john.paterson@coloradocollege.edu,596068,2104042782
Ruth,Carr,ruth.carr@coloradocollege.edu,206288,1588028143
Caroline,Howard,caroline.howard@coloradocollege.edu,893903,4848213004
Ryan,Lambert,ryan.lambert@coloradocollege.edu,168987,9178613871
Grace,Davidson,grace.davidson@coloradocollege.edu,778694,5225868480
Christian,Sharp,christian.sharp@coloradocollege.edu,968634,5802190613
Carol,Wilson,carol.wilson@coloradocollege.edu,584542,5664839570
Anthony,Clarkson,anthony.clarkson@coloradocollege.edu,271156,1834667380
Amelia,Hamilton,amelia.hamilton@coloradocollege.edu,494347,8273892071
Carolyn,Berry,carolyn.berry@coloradocollege.edu,505737,6245975362
Paul,Rees,paul.rees@coloradocollege.edu,525914,1735564725
Trevor,Smith,trevor.smith@coloradocollege.edu,977897,6478331803
Dan,Ball,dan.ball@coloradocollege.edu,303282,5468825096
Caroline,Powell,caroline.powell@coloradocollege.edu,485002,6633470182
Austin,Thomson,austin.thomson@coloradocollege.edu,625372,7495661916
Charles,Forsyth,charles.forsyth@coloradocollege.edu,917469,4340596892
Megan,Metcalfe,megan.metcalfe@coloradocollege.edu,819013,9662715742
Ian,Allan,ian.allan@coloradocollege.edu,719854,1023532409
Oliver,Jones,oliver.jones@coloradocollege.edu,366131,5118512494
Max,Turner,max.turner@coloradocollege.edu,675856,6945963635
Ruth,Reid,ruth.reid@coloradocollege.edu,217024,8445612341
Richard,Forsyth,richard.forsyth@coloradocollege.edu,292003,2484967806
Tim,Skinner,tim.skinner@coloradocollege.edu,625155,5172413431
Angela,Hudson,angela.hudson@coloradocollege.edu,639892,3893236803
Penelope,Abraham,penelope.abraham@coloradocollege.edu,339297,5493105180
Lisa,Hodges,lisa.hodges@coloradocollege.edu,664780,4721423701
Simon,Wilson,simon.wilson@coloradocollege.edu,910499,2925705306
Nicola,Ince,nicola.ince@coloradocollege.edu,294560,3572403948
Tracey,Davies,tracey.davies@coloradocollege.edu,876947,4888456872
Anna,McLean,anna.mclean@coloradocollege.edu,547580,4747261090
Connor,Bell,connor.bell@coloradocollege.edu,575915,6046871062
Blake,Cornish,blake.cornish@coloradocollege.edu,322000,7221649224
Gordon,Ferguson,gordon.ferguson@coloradocollege.edu,637875,5329125092
Vanessa,Lambert,vanessa.lambert@coloradocollege.edu,907475,7620654447
Dominic,Simpson,dominic.simpson@coloradocollege.edu,628969,6852664708
Tracey,Clark,tracey.clark@coloradocollege.edu,222359,1722520085
Robert,Stewart,robert.stewart@coloradocollege.edu,677934,1213984852
Alan,Mitchell,alan.mitchell@coloradocollege.edu,959484,1460211571
Stewart,Morrison,stewart.morrison@coloradocollege.edu,524737,6087272766
Theresa,McDonald,theresa.mcdonald@coloradocollege.edu,210648,9348788175
Zoe,Gill,zoe.gill@coloradocollege.edu,241483,6237035527
Austin,Paterson,austin.paterson@coloradocollege.edu,292819,3136028474
Mary,Watson,mary.watson@coloradocollege.edu,141772,4224442439
Megan,Churchill,megan.churchill@coloradocollege.edu,229354,4634547040
Neil,Kelly,neil.kelly@coloradocollege.edu,870828,7174158090
Eric,Knox,eric.knox@coloradocollege.edu,640363,3774310654
Jack,Walsh,jack.walsh@coloradocollege.edu,209901,3410701147
Dominic,Turner,dominic.turner@coloradocollege.edu,547337,9262074978
Joanne,Bailey,joanne.bailey@coloradocollege.edu,803936,8597309146
Audrey,Fisher,audrey.fisher@coloradocollege.edu,561966,7635828647
Diane,Wilson,diane.wilson@coloradocollege.edu,481347,8928124926
Victoria,Ince,victoria.ince@coloradocollege.edu,275351,8582591943
Steven,MacDonald,steven.macdonald@coloradocollege.edu,207079,7277508098
Natalie,Churchill,natalie.churchill@coloradocollege.edu,567211,5235708870
Anna,Rutherford,anna.rutherford@coloradocollege.edu,880830,4244477693
Megan,Mitchell,megan.mitchell@coloradocollege.edu,633660,7516659898
Tracey,Avery,tracey.avery@coloradocollege.edu,203436,5086272793
Alexandra,Hardacre,alexandra.hardacre@coloradocollege.edu,898372,9867701904
Victor,Russell,victor.russell@coloradocollege.edu,738885,8611834984
Irene,Short,irene.short@coloradocollege.edu,441720,2554303752
Megan,Clark,megan.clark@coloradocollege.edu,465806,6571865473
Una,Nash,una.nash@coloradocollege.edu,895469,7453579737
Diana,McDonald,diana.mcdonald@coloradocollege.edu,703590,7119425356
Gabrielle,Alsop,gabrielle.alsop@coloradocollege.edu,541925,9076386120
John,Harris,john.harris@coloradocollege.edu,861690,1172665907
Leonard,Lee,leonard.lee@coloradocollege.edu,246681,8144495440