First_Name,Last_Name,Email_Address,Student_ID,phone,iClass
Joseph,Wilson,joseph.wilson@coloradocollege.edu,204487,9864370565,25182
Rebecca,Roberts,rebecca.roberts@coloradocollege.edu,230039,5381399354,20864
Amy,Anderson,amy.anderson@coloradocollege.edu,300365,2500804250,23495
Elizabeth,Sanderson,elizabeth.sanderson@coloradocollege.edu,930876,8841242455,20767
Faith,Ince,faith.ince@coloradocollege.edu,396995,1703183526,24741
Yvonne,Marshall,yvonne.marshall@coloradocollege.edu,665306,9064570646,25730
Anthony,Anderson,anthony.anderson@coloradocollege.edu,219269,5112836400,21488
Molly,McGrath,molly.mcgrath@coloradocollege.edu,547197,7182181473,25739
Peter,Allan,peter.allan@coloradocollege.edu,654495,3563525008,27078
Nicholas,Miller,nicholas.miller@coloradocollege.edu,197640,4063873673,20917
Alexander,Alsop,alexander.alsop@coloradocollege.edu,277250,7013376631,27677
Emma,Mitchell,emma.mitchell@coloradocollege.edu,689327,1290472067,21880
Anne,Murray,anne.murray@coloradocollege.edu,551583,8930892446,26445
Grace,Walsh,grace.walsh@coloradocollege.edu,109826,7624670920,27338
Una,Rampling,una.rampling@coloradocollege.edu,584296,7216806542,28093
Joseph,Rampling,joseph.rampling@coloradocollege.edu,390957,2616523031,29901
Richard,Gray,richard.gray@coloradocollege.edu,287111,3586242889,23676
Leonard,Terry,leonard.terry@coloradocollege.edu,432635,7176768128,28186
Sophie,May,sophie.may@coloradocollege.edu,789788,9083397302,25781
John,Vaughan,john.vaughan@coloradocollege.edu,628944,5179361884,25423
Brian,Springer,brian.springer@coloradocollege.edu,328832,7776995382,21194
Emma,McLean,emma.mclean@coloradocollege.edu,543977,3120594129,21229
Lucas,Underwood,lucas.underwood@coloradocollege.edu,401452,2201867695,29639
Lucas,Hart,lucas.hart@coloradocollege.edu,935581,7039147869,24956
Emily,Langdon,emily.langdon@coloradocollege.edu,390319,1625995584,22010
Dominic,Taylor,dominic.taylor@coloradocollege.edu,266179,1663334547,21853
Cameron,Ellison,cameron.ellison@coloradocollege.edu,740961,3640685895,21566
Wendy,Vance,wendy.vance@coloradocollege.edu,866558,3342562566,21329
Keith,Miller,keith.miller@coloradocollege.edu,569815,5581343097,25906
Luke,Morgan,luke.morgan@coloradocollege.edu,199883,2945958805,28876
John,Vance,john.vance@coloradocollege.edu,247804,2797721350,21704
Benjamin,Carr,benjamin.carr@coloradocollege.edu,405463,9254286858,20931
Peter,Clarkson,peter.clarkson@coloradocollege.edu,551805,1381010325,25757
Stewart,Paterson,stewart.paterson@coloradocollege.edu,736295,4730643344,23475
Ruth,Nolan,ruth.nolan@coloradocollege.edu,857229,4448034152,24327
Anne,Wallace,anne.wallace@coloradocollege.edu,432632,3405101477,21675
Amanda,Berry,amanda.berry@coloradocollege.edu,273747,6890984318,26047
Christopher,Walker,christopher.walker@coloradocollege.edu,168556,2883679159,20652
Paul,Sutherland,paul.sutherland@coloradocollege.edu,755521,3261030650,25345
Wanda,Wright,wanda.wright@coloradocollege.edu,565244,1816950425,26087
Sophie,Paterson,sophie.paterson@coloradocollege.edu,772900,7738236342,28156
Katherine,Sanderson,katherine.sanderson@coloradocollege.edu,685783,6714909825,23775
Christian,Rees,christian.rees@coloradocollege.edu,519511,8424535238,25003
Yvonne,Carr,yvonne.carr@coloradocollege.edu,506515,8524605529,23651
Christopher,Vaughan,christopher.vaughan@coloradocollege.edu,296289,4419758850,25431
Joshua,McLean,joshua.mclean@coloradocollege.edu,819689,1599357452,26670
Warren,Black,warren.black@coloradocollege.edu,355700,3079878555,28902
Neil,Dowd,neil.dowd@coloradocollege.edu,219142,9779559725,29203
Anna,Henderson,anna.henderson@coloradocollege.edu,988172,9877466417,26358
Jane,Murray,jane.murray@coloradocollege.edu,166256,8236331667,25201
William,McGrath,william.mcgrath@coloradocollege.edu,625367,8441894095,21957
Sebastian,Vaughan,sebastian.vaughan@coloradocollege.edu,372841,3759001362,27376
Dylan,Mitchell,dylan.mitchell@coloradocollege.edu,992167,1971544799,27940
Cameron,Campbell,cameron.campbell@coloradocollege.edu,456569,1255534946,25319
Mary,Manning,mary.manning@coloradocollege.edu,199088,9859504332,25136
Pippa,Coleman,pippa.coleman@coloradocollege.edu,467991,3383797360,23487
Dan,Berry,dan.berry@coloradocollege.edu,775674,3981764238,23709
Rose,Turner,rose.turner@coloradocollege.edu,138629,8229615853,23751
Irene,MacDonald,irene.macdonald@coloradocollege.edu,843713,5081551660,21633
Nicola,Lee,nicola.lee@coloradocollege.edu,438097,6425397250,29385
Jasmine,Slater,jasmine.slater@coloradocollege.edu,416383,7313661401,24575
Claire,King,claire.king@coloradocollege.edu,479924,9055510330,20630
Max,Kelly,max.kelly@coloradocollege.edu,662639,3771119169,20066
Zoe,Quinn,zoe.quinn@coloradocollege.edu,174274,5653755601,20377
Richard,Slater,richard.slater@coloradocollege.edu,373686,6551614538,27302
Austin,Henderson,austin.henderson@coloradocollege.edu,993440,9092088031,27535
Sarah,Turner,sarah.turner@coloradocollege.edu,170720,7865792664,22810
Oliver,Edmunds,oliver.edmunds@coloradocollege.edu,857610,6787236509,21434
Jack,Gibson,jack.gibson@coloradocollege.edu,553754,9394107693,22432
Thomas,Vance,thomas.vance@coloradocollege.edu,597474,7902904656,27619
Paul,Peters,paul.peters@coloradocollege.edu,837639,5859226308,29258
Dominic,Rutherford,dominic.rutherford@coloradocollege.edu,749803,4441601738,25647
Lauren,Fisher,lauren.fisher@coloradocollege.edu,604185,5472467198,21628
Luke,Allan,luke.allan@coloradocollege.edu,773003,9205316735,23236
Dominic,Murray,dominic.murray@coloradocollege.edu,857605,3763392672,25326
Rebecca,Hunter,rebecca.hunter@coloradocollege.edu,573830,3588277115,25263
Thomas,Ross,thomas.ross@coloradocollege.edu,277605,4483461012,27583
Austin,Cameron,austin.cameron@coloradocollege.edu,119739,6034926672,25578
Anna,Lawrence,anna.lawrence@coloradocollege.edu,903573,9455930228,26412
Theresa,Rees,theresa.rees@coloradocollege.edu,763539,8529747365,25360
Andrea,Vance,andrea.vance@coloradocollege.edu,476827,7284071551,20578
Andrea,Short,andrea.short@coloradocollege.edu,533199,9179077405,27064
Stewart,Jones,stewart.jones@coloradocollege.edu,882014,6082379171,28485
Thomas,Kerr,thomas.kerr@coloradocollege.edu,584699,3422612478,20078
Christopher,Churchill,christopher.churchill@coloradocollege.edu,536241,3105596275,24911
Kimberly,Glover,kimberly.glover@coloradocollege.edu,315235,4002539272,28803
Owen,Marshall,owen.marshall@coloradocollege.edu,202285,6782013436,20311
Angela,Anderson,angela.anderson@coloradocollege.edu,359339,6911619165,24143
Bernadette,Brown,bernadette.brown@coloradocollege.edu,887456,4381935406,20382
Stephen,Churchill,stephen.churchill@coloradocollege.edu,345860,6404948362,25491
Julian,Mathis,julian.mathis@coloradocollege.edu,863335,2892566269,26011
Zoe,Morgan,zoe.morgan@coloradocollege.edu,991940,9416222332,23295
Kimberly,Knox,kimberly.knox@coloradocollege.edu,675058,4141549639,20067
Paul,Powell,paul.powell@coloradocollege.edu,921979,2954765425,21024
Anne,Vance,anne.vance@coloradocollege.edu,266030,4031386234,25017
Lauren,Martin,lauren.martin@coloradocollege.edu,497787,7347280279,20680
Grace,Bower,grace.bower@coloradocollege.edu,772713,8630850757,29425
Sebastian,Edmunds,sebastian.edmunds@coloradocollege.edu,306859,5671453924,26897
Boris,Clarkson,boris.clarkson@coloradocollege.edu,437793,1536841159,22746
Victor,Ince,victor.ince@coloradocollege.edu,156150,9705909251,28398
Neil,Miller,neil.miller@coloradocollege.edu,615255,3660491619,28647
Diana,Langdon,diana.langdon@coloradocollege.edu,388449,9517405628,23845
Kimberly,Hill,kimberly.hill@coloradocollege.edu,834933,1316829845,27764
Wendy,Ferguson,wendy.ferguson@coloradocollege.edu,750082,5382987978,29433
Leonard,Robertson,leonard.robertson@coloradocollege.edu,655567,1237497314,24811
Lucas,Paige,lucas.paige@coloradocollege.edu,897911,9165380253,27118
Colin,Walker,colin.walker@coloradocollege.edu,498868,6588591392,20358
Jonathan,Black,jonathan.black@coloradocollege.edu,554183,4630772633,23884
James,Ross,james.ross@coloradocollege.edu,803116,3226495875,23685
Rebecca,Hudson,rebecca.hudson@coloradocollege.edu,694667,4486032195,25544
Lisa,Fisher,lisa.fisher@coloradocollege.edu,955154,7106113424,29858
Boris,Young,boris.young@coloradocollege.edu,518961,9963858365,29156
William,Tucker,william.tucker@coloradocollege.edu,232296,8898852265,21362
Jake,Peake,jake.peake@coloradocollege.edu,516723,4100701656,28495
Carolyn,Bailey,carolyn.bailey@coloradocollege.edu,103734,6708848437,24149
Ava,Roberts,ava.roberts@coloradocollege.edu,477272,7920456955,23009
Victor,Graham,victor.graham@coloradocollege.edu,630919,4743550235,24743
Rose,Cameron,rose.cameron@coloradocollege.edu,973777,9277221990,25954
Blake,Anderson,blake.anderson@coloradocollege.edu,377955,8686497693,25057
Megan,Oliver,megan.oliver@coloradocollege.edu,417199,6689232057,23157
Anna,Oliver,anna.oliver@coloradocollege.edu,182483,3342232963,20700
Nicholas,Alsop,nicholas.alsop@coloradocollege.edu,778159,9868681861,22172
Alison,Davidson,alison.davidson@coloradocollege.edu,732788,1101132162,22717
Zoe,Avery,zoe.avery@coloradocollege.edu,987450,6099050460,25277
Jack,Jackson,jack.jackson@coloradocollege.edu,687758,7947167926,27858
Connor,Young,connor.young@coloradocollege.edu,643164,6592213549,25421
Owen,Manning,owen.manning@coloradocollege.edu,258242,1978048641,27602
Adrian,Jones,adrian.jones@coloradocollege.edu,262862,6562967098,29558
Piers,Graham,piers.graham@coloradocollege.edu,797289,8487179214,21949
Rebecca,Ferguson,rebecca.ferguson@coloradocollege.edu,277560,9799322878,25720
Bernadette,Morgan,bernadette.morgan@coloradocollege.edu,902806,5076029551,25776
Lisa,Hemmings,lisa.hemmings@coloradocollege.edu,895964,1463242999,28988
Joshua,Glover,joshua.glover@coloradocollege.edu,404664,6402855183,29831
Michael,Watson,michael.watson@coloradocollege.edu,344469,8893829415,23856
Karen,Miller,karen.miller@coloradocollege.edu,256137,6107206300,24637
Harry,Jackson,harry.jackson@coloradocollege.edu,517758,8087862198,28231
Diane,McLean,diane.mclean@coloradocollege.edu,646052,6019560742,23975
Andrew,Black,andrew.black@coloradocollege.edu,267498,3221883899,28580
Stewart,Hart,stewart.hart@coloradocollege.edu,175061,1094429084,24993
Joseph,Paterson,joseph.paterson@coloradocollege.edu,202963,8645908065,24095
William,Springer,william.springer@coloradocollege.edu,417162,1672251266,27796
Samantha,Gibson,samantha.gibson@coloradocollege.edu,465770,8333424032,24603
Victor,Stewart,victor.stewart@coloradocollege.edu,449324,5854522777,26768
Amanda,Hart,amanda.hart@coloradocollege.edu,250158,7090757018,26443
Lauren,Watson,lauren.watson@coloradocollege.edu,909318,1251584970,23341
Victor,Davies,victor.davies@coloradocollege.edu,629736,1113743727,20086
Theresa,Alsop,theresa.alsop@coloradocollege.edu,362138,3448067858,27436
Anne,Kelly,anne.kelly@coloradocollege.edu,363407,9756782787,21641
Brian,Manning,brian.manning@coloradocollege.edu,544067,4300660853,23418
Boris,Walsh,boris.walsh@coloradocollege.edu,303940,9348724719,24377
Maria,Hill,maria.hill@coloradocollege.edu,949258,5904650176,25253
Sarah,Brown,sarah.brown@coloradocollege.edu,550750,8778138681,22697
Carolyn,Carr,carolyn.carr@coloradocollege.edu,428703,2618741728,25102
Gordon,Short,gordon.short@coloradocollege.edu,284994,6954027173,21191
James,Hodges,james.hodges@coloradocollege.edu,595514,2212761916,24204
Andrea,Smith,andrea.smith@coloradocollege.edu,405999,7410564564,21410
Jason,Murray,jason.murray@coloradocollege.edu,870698,5728296920,22909
Connor,Glover,connor.glover@coloradocollege.edu,175990,6713910992,21369
Leah,Springer,leah.springer@coloradocollege.edu,995971,7714392592,28799
Neil,Duncan,neil.duncan@coloradocollege.edu,954230,3649567579,25343
Joanne,Mackenzie,joanne.mackenzie@coloradocollege.edu,246990,6452142622,24068
Amelia,Davies,amelia.davies@coloradocollege.edu,718502,9052235958,27074
Colin,Paige,colin.paige@coloradocollege.edu,420243,1242441890,20030
Virginia,Mitchell,virginia.mitchell@coloradocollege.edu,410436,8369262656,23622
Andrea,Walker,andrea.walker@coloradocollege.edu,703656,8914287362,28064
John,Hardacre,john.hardacre@coloradocollege.edu,427419,7263408868,22001
Sean,Manning,sean.manning@coloradocollege.edu,430967,7474548304,25489
Bella,Hill,bella.hill@coloradocollege.edu,806876,9019044716,22885
Deirdre,Newman,deirdre.newman@coloradocollege.edu,520539,2352779815,24951
Emily,Ball,emily.ball@coloradocollege.edu,652137,7681633066,28465
Lisa,Graham,lisa.graham@coloradocollege.edu,127969,3609642279,23744
Leonard,Duncan,leonard.duncan@coloradocollege.edu,556053,9705049944,23562
Deirdre,Dyer,deirdre.dyer@coloradocollege.edu,247402,2423386042,21153
James,Hughes,james.hughes@coloradocollege.edu,681203,7622523867,29981
Andrea,Hardacre,andrea.hardacre@coloradocollege.edu,512714,9159048011,28000
Rachel,Sharp,rachel.sharp@coloradocollege.edu,142356,5128271516,24236
Adrian,Rutherford,adrian.rutherford@coloradocollege.edu,209094,3410178595,20157
Felicity,Churchill,felicity.churchill@coloradocollege.edu,992085,3085096372,29711
David,Davidson,david.davidson@coloradocollege.edu,366296,9225304204,23428
Molly,North,molly.north@coloradocollege.edu,763266,6951259483,21881
Sally,Paterson,sally.paterson@coloradocollege.edu,345696,6258611108,29959
Hannah,Mathis,hannah.mathis@coloradocollege.edu,412439,6411926742,28339
Sam,May,sam.may@coloradocollege.edu,153743,2200287709,22838
Natalie,Ball,natalie.ball@coloradocollege.edu,322594,7991808829,22534
Una,Mackay,una.mackay@coloradocollege.edu,970163,1808951800,20308
Samantha,Robertson,samantha.robertson@coloradocollege.edu,127699,6368161741,28906
Liam,Hudson,liam.hudson@coloradocollege.edu,709666,8004202220,24336
Dorothy,Piper,dorothy.piper@coloradocollege.edu,513887,8574310773,28844
Simon,Lawrence,simon.lawrence@coloradocollege.edu,829129,4810025738,22232
Penelope,Chapman,penelope.chapman@coloradocollege.edu,917972,8509167659,28700
Diane,Hart,diane.hart@coloradocollege.edu,394607,8562801429,21202
Diana,Carr,diana.carr@coloradocollege.edu,484701,7020618138,26332
Ryan,Wallace,ryan.wallace@coloradocollege.edu,933345,9097790616,21949
Gabrielle,Dyer,gabrielle.dyer@coloradocollege.edu,981265,8128060945,26768
Evan,Langdon,evan.langdon@coloradocollege.edu,959242,6635491438,20121
Caroline,Newman,caroline.newman@coloradocollege.edu,796953,8278562382,26441
Benjamin,Davidson,benjamin.davidson@coloradocollege.edu,789939,2081664469,25972
Melanie,Hardacre,melanie.hardacre@coloradocollege.edu,137489,2002513612,27001
Jason,Cameron,jason.cameron@coloradocollege.edu,101077,3573979526,20314
Bernadette,Greene,bernadette.greene@coloradocollege.edu,237732,7110626275,28199
Amy,MacDonald,amy.macdonald@coloradocollege.edu,300573,3541455159,28599
Amy,Graham,amy.graham@coloradocollege.edu,196351,4406619327,24031
Steven,Campbell,steven.campbell@coloradocollege.edu,243021,6367530764,25033
Leah,MacLeod,leah.macleod@coloradocollege.edu,637833,8899119682,22647
Dylan,Ince,dylan.ince@coloradocollege.edu,842190,3826523063,23392
Joshua,Kelly,joshua.kelly@coloradocollege.edu,561579,9680149429,27873
Ava,Dowd,ava.dowd@coloradocollege.edu,801890,3175541615,21171
Hannah,Jones,hannah.jones@coloradocollege.edu,991090,1096775945,22542
Sarah,Gill,sarah.gill@coloradocollege.edu,522533,4563188952,28827
Vanessa,Rutherford,vanessa.rutherford@coloradocollege.edu,306057,5610726565,21474
Alison,North,alison.north@coloradocollege.edu,915851,3006388117,23659
Joe,Sutherland,joe.sutherland@coloradocollege.edu,648147,2855363378,29901
Stewart,Burgess,stewart.burgess@coloradocollege.edu,601139,9906374866,22159
Jacob,Nash,jacob.nash@coloradocollege.edu,418305,6262565311,22072
Stewart,Dickens,stewart.dickens@coloradocollege.edu,414728,1625205617,25517
Ian,MacDonald,ian.macdonald@coloradocollege.edu,558839,9080450499,29761
Penelope,Miller,penelope.miller@coloradocollege.edu,451193,8415499401,29304
Jake,Brown,jake.brown@coloradocollege.edu,166351,4614449752,21397
Christian,Hardacre,christian.hardacre@coloradocollege.edu,351298,7917695448,25171
Christian,Blake,christian.blake@coloradocollege.edu,370210,5013973891,26894
Kevin,Gray,kevin.gray@coloradocollege.edu,471018,8218400185,24466
Leonard,Hamilton,leonard.hamilton@coloradocollege.edu,630446,6614735441,20725
Adam,Marshall,adam.marshall@coloradocollege.edu,280463,4121117190,22905
Oliver,Clarkson,oliver.clarkson@coloradocollege.edu,649953,4921383327,29559
Connor,Johnston,connor.johnston@coloradocollege.edu,883671,4238648161,25799
Amelia,Martin,amelia.martin@coloradocollege.edu,443252,7159359978,27474
Charles,Brown,charles.brown@coloradocollege.edu,826414,2766006396,24750
Steven,Vance,steven.vance@coloradocollege.edu,126552,4964227330,21456
Joshua,Hughes,joshua.hughes@coloradocollege.edu,580378,1996076256,26451
Alan,Parr,alan.parr@coloradocollege.edu,550731,8002345673,27797
Lillian,Wilkins,lillian.wilkins@coloradocollege.edu,290020,1188086873,25162
Katherine,Edmunds,katherine.edmunds@coloradocollege.edu,905730,6840429424,20529
Connor,Abraham,connor.abraham@coloradocollege.edu,384482,6861194353,28278
Luke,Young,luke.young@coloradocollege.edu,174044,6764853468,20300
John,Welch,john.welch@coloradocollege.edu,791942,4680930599,23163
Angela,Berry,angela.berry@coloradocollege.edu,755588,3666007748,23195
Brian,Powell,brian.powell@coloradocollege.edu,699117,3230123915,26102
Stephen,Carr,stephen.carr@coloradocollege.edu,780073,4954448256,29093
Harry,Butler,harry.butler@coloradocollege.edu,558853,6310778254,20329
Abigail,Burgess,abigail.burgess@coloradocollege.edu,187246,8916642816,27391
Jason,Edmunds,jason.edmunds@coloradocollege.edu,939983,6400092436,28032
Alexander,Henderson,alexander.henderson@coloradocollege.edu,456886,3569014348,29923
Steven,Lee,steven.lee@coloradocollege.edu,607217,5024836300,23534
Alexander,Miller,alexander.miller@coloradocollege.edu,738408,5207159716,25975
Jacob,Churchill,jacob.churchill@coloradocollege.edu,397783,7837934713,26745
Andrea,Vaughan,andrea.vaughan@coloradocollege.edu,390939,2396939955,22268
Blake,Tucker,blake.tucker@coloradocollege.edu,654127,6824375497,24129
Trevor,Hughes,trevor.hughes@coloradocollege.edu,512137,4779990332,24828
Boris,Dyer,boris.dyer@coloradocollege.edu,352094,5829166399,20277
Lauren,Abraham,lauren.abraham@coloradocollege.edu,564158,6386288011,25948
Wendy,Gray,wendy.gray@coloradocollege.edu,218420,5411083388,21302
Jacob,Jones,jacob.jones@coloradocollege.edu,296764,9647144580,27895
Leah,Lambert,leah.lambert@coloradocollege.edu,103596,9459271203,26606
Melanie,MacDonald,melanie.macdonald@coloradocollege.edu,746633,9826123464,20785
Alan,Ball,alan.ball@coloradocollege.edu,294044,6867764073,22098
Diane,Fraser,diane.fraser@coloradocollege.edu,507114,1991128753,28987
Christopher,Rutherford,christopher.rutherford@coloradocollege.edu,325345,9335397296,21665
Jasmine,Howard,jasmine.howard@coloradocollege.edu,389438,1036806452,23645
Jonathan,Oliver,jonathan.oliver@coloradocollege.edu,128995,7619262727,27269
Oliver,Vaughan,oliver.vaughan@coloradocollege.edu,527517,9874146226,23267
Gordon,Springer,gordon.springer@coloradocollege.edu,132633,4507710057,26458
Jane,Bower,jane.bower@coloradocollege.edu,687692,4798043454,21945
Irene,Parr,irene.parr@coloradocollege.edu,882133,1672716585,29822
Evan,Bond,evan.bond@coloradocollege.edu,956986,8306413413,20988
Chloe,Wright,chloe.wright@coloradocollege.edu,338410,9870371646,26996
Hannah,Ince,hannah.ince@coloradocollege.edu,525058,4288668338,21241
Blake,Springer,blake.springer@coloradocollege.edu,294859,1919736968,28904
Neil,Harris,neil.harris@coloradocollege.edu,339842,7700112563,29875
Peter,Mathis,peter.mathis@coloradocollege.edu,437347,4176964992,21353
Grace,Dyer,grace.dyer@coloradocollege.edu,155360,8234375103,25497
Adam,Ogden,adam.ogden@coloradocollege.edu,345822,8245691851,26670
Oliver,Smith,oliver.smith@coloradocollege.edu,564148,6966467795,20206
Isaac,MacDonald,isaac.macdonald@coloradocollege.edu,750448,9372861644,20085
Piers,Arnold,piers.arnold@coloradocollege.edu,648171,8770483905,23860
Donna,Hemmings,donna.hemmings@coloradocollege.edu,457293,3803164322,25665
Cameron,MacLeod,cameron.macleod@coloradocollege.edu,926561,9398449031,24295
Cameron,Lyman,cameron.lyman@coloradocollege.edu,782456,8855721822,27929
Connor,Peake,connor.peake@coloradocollege.edu,169539,2118209981,21745
Natalie,Smith,natalie.smith@coloradocollege.edu,243060,3393207877,21717
Dorothy,Coleman,dorothy.coleman@coloradocollege.edu,247734,5694126592,25463
Natalie,Bell,natalie.bell@coloradocollege.edu,915485,6762065983,29520
Heather,Knox,heather.knox@coloradocollege.edu,274893,5268959480,28837
Deirdre,Fisher,deirdre.fisher@coloradocollege.edu,822064,4854401875,22673
Elizabeth,Terry,elizabeth.terry@coloradocollege.edu,198568,4440099896,25267
Irene,Wilkins,irene.wilkins@coloradocollege.edu,317131,7373567550,23112
Joanne,Howard,joanne.howard@coloradocollege.edu,432217,9147745714,23947
Hannah,Jackson,hannah.jackson@coloradocollege.edu,635987,4251231699,21943
Vanessa,Ball,vanessa.ball@coloradocollege.edu,235829,1644365552,24589
Thomas,Miller,thomas.miller@coloradocollege.edu,170020,7169968640,21153
Diane,Parsons,diane.parsons@coloradocollege.edu,524792,3107536382,24378
Brandon,Quinn,brandon.quinn@coloradocollege.edu,567188,7559458955,22861
Phil,McGrath,phil.mcgrath@coloradocollege.edu,565015,2153717112,27100
Brian,Poole,brian.poole@coloradocollege.edu,303485,3356386599,27134
Karen,Clarkson,karen.clarkson@coloradocollege.edu,267270,1765562863,24796
Virginia,Parr,virginia.parr@coloradocollege.edu,454031,6083900767,29551
Harry,Kelly,harry.kelly@coloradocollege.edu,964463,3835792612,20604
Melanie,Oliver,melanie.oliver@coloradocollege.edu,795219,2723704116,20880
Hannah,Lambert,hannah.lambert@coloradocollege.edu,915877,6737339118,27311
Diana,Anderson,diana.anderson@coloradocollege.edu,305350,9898838123,24934
Sebastian,Buckland,sebastian.buckland@coloradocollege.edu,966102,5676481265,27471
Brandon,Short,brandon.short@coloradocollege.edu,886620,7746005582,25292
Carl,Forsyth,carl.forsyth@coloradocollege.edu,845838,6448878800,25546
Sonia,Murray,sonia.murray@coloradocollege.edu,999594,2137800566,22058
Donna,Blake,donna.blake@coloradocollege.edu,637025,4115483853,23601
Sean,Paige,sean.paige@coloradocollege.edu,496321,4550722842,22412
Victoria,Henderson,victoria.henderson@coloradocollege.edu,170938,9925958310,23279
Kevin,Lambert,kevin.lambert@coloradocollege.edu,618441,6708093563,25434
Liam,Arnold,liam.arnold@coloradocollege.edu,546600,4534727053,26813
Nathan,Sharp,nathan.sharp@coloradocollege.edu,645165,7816386141,29894
Carl,Ince,carl.ince@coloradocollege.edu,880626,5901385091,25468
Jasmine,McLean,jasmine.mclean@coloradocollege.edu,621958,2343070471,26138
Molly,Jones,molly.jones@coloradocollege.edu,901038,2418755968,24268
Stephanie,Poole,stephanie.poole@coloradocollege.edu,676010,2069968148,20728
Deirdre,Walker,deirdre.walker@coloradocollege.edu,282865,2837072177,20032
Dorothy,Burgess,dorothy.burgess@coloradocollege.edu,287696,7108914723,23965
Rebecca,Robertson,rebecca.robertson@coloradocollege.edu,343124,2761716851,27757
Sam,Kerr,sam.kerr@coloradocollege.edu,981625,5291563426,21890
Ryan,Manning,ryan.manning@coloradocollege.edu,102391,9977932192,24427
Neil,Newman,neil.newman@coloradocollege.edu,420272,1484322328,27733
Paul,King,paul.king@coloradocollege.edu,691170,4684396524,27251
Jane,Wallace,jane.wallace@coloradocollege.edu,258298,4685723627,26028
Yvonne,Wright,yvonne.wright@coloradocollege.edu,473389,4498905088,21700
Blake,Baker,blake.baker@coloradocollege.edu,891794,8876180010,24155
Olivia,Arnold,olivia.arnold@coloradocollege.edu,934273,5503232296,21770
Angela,Wilkins,angela.wilkins@coloradocollege.edu,682233,3570958674,25304
Megan,Lee,megan.lee@coloradocollege.edu,907232,8874482035,23272
Isaac,Ross,isaac.ross@coloradocollege.edu,640956,1439140876,25522
Richard,Carr,richard.carr@coloradocollege.edu,691193,5758288863,27514
Dorothy,Fraser,dorothy.fraser@coloradocollege.edu,568415,6581803045,21153
Luke,Sutherland,luke.sutherland@coloradocollege.edu,816637,4979770649,26136
Carol,Ball,carol.ball@coloradocollege.edu,316759,2346686519,28859
Anna,Hunter,anna.hunter@coloradocollege.edu,695398,8901023746,22121
Faith,Walsh,faith.walsh@coloradocollege.edu,620642,6242391469,27954
Ruth,Howard,ruth.howard@coloradocollege.edu,227390,7999070616,24561
Abigail,Hudson,abigail.hudson@coloradocollege.edu,970809,4435523453,24799
Anna,Mills,anna.mills@coloradocollege.edu,723021,6437993740,26775
Gabrielle,Dickens,gabrielle.dickens@coloradocollege.edu,613856,8512356996,21344
Jake,Hemmings,jake.hemmings@coloradocollege.edu,925550,3912126304,21051
Brian,Ince,brian.ince@coloradocollege.edu,457714,8838041444,26152
Charles,Gibson,charles.gibson@coloradocollege.edu,833779,2542942713,29739
Julia,Dyer,julia.dyer@coloradocollege.edu,694890,2446690641,27361
Zoe,Lambert,zoe.lambert@coloradocollege.edu,461411,9595770251,28960
Felicity,Walsh,felicity.walsh@coloradocollege.edu,168090,2925179905,21029
Ian,Hughes,ian.hughes@coloradocollege.edu,956678,1223796621,22886
Jacob,Hemmings,jacob.hemmings@coloradocollege.edu,843897,5882168943,28282
Wanda,Arnold,wanda.arnold@coloradocollege.edu,634439,3695469574,25615
Stewart,Gray,stewart.gray@coloradocollege.edu,198012,6206053838,23466
Jonathan,Hardacre,jonathan.hardacre@coloradocollege.edu,928571,9830515492,23519
Amanda,Lyman,amanda.lyman@coloradocollege.edu,298999,9102440676,29910
Amelia,Nolan,amelia.nolan@coloradocollege.edu,124939,7692200582,20399
Cameron,Reid,cameron.reid@coloradocollege.edu,503712,2316730900,28914
Gavin,Butler,gavin.butler@coloradocollege.edu,914030,5099365905,27479
Joe,Slater,joe.slater@coloradocollege.edu,759398,1716487239,25935
Madeleine,Wilkins,madeleine.wilkins@coloradocollege.edu,332623,1594555019,27135
Trevor,Kerr,trevor.kerr@coloradocollege.edu,332640,2147883904,21686
Eric,Wilkins,eric.wilkins@coloradocollege.edu,138983,5939451978,21294
Gabrielle,Reid,gabrielle.reid@coloradocollege.edu,412073,8836914777,23414
Fiona,Watson,fiona.watson@coloradocollege.edu,595346,1471255544,23120
Leah,Glover,leah.glover@coloradocollege.edu,940475,2628176937,20385
Ava,Vaughan,ava.vaughan@coloradocollege.edu,498746,1472050738,27290
Dorothy,Watson,dorothy.watson@coloradocollege.edu,278421,3801238669,20936
Brian,Bond,brian.bond@coloradocollege.edu,348350,3594204553,29944
Theresa,Jones,theresa.jones@coloradocollege.edu,717859,9342831112,28347
Adam,Underwood,adam.underwood@coloradocollege.edu,387256,9961469592,27670
Jason,Thomson,jason.thomson@coloradocollege.edu,986601,3611502841,20701
Gavin,Blake,gavin.blake@coloradocollege.edu,980323,3423578115,27183
Tim,Lee,tim.lee@coloradocollege.edu,893690,4795806845,27771
Julia,Blake,julia.blake@coloradocollege.edu,998660,9433967642,22714
Molly,Hudson,molly.hudson@coloradocollege.edu,257099,9232023417,26908
Evan,Abraham,evan.abraham@coloradocollege.edu,327090,8587939156,24434
Leonard,Underwood,leonard.underwood@coloradocollege.edu,402654,2562616551,20354
Amelia,Johnston,amelia.johnston@coloradocollege.edu,673724,8810814250,23417
Sam,Lee,sam.lee@coloradocollege.edu,618726,8308495860,28855
Dominic,Lyman,dominic.lyman@coloradocollege.edu,789549,1996674561,26519
Sally,Clarkson,sally.clarkson@coloradocollege.edu,424061,2530938769,24553
Grace,Wilson,grace.wilson@coloradocollege.edu,984346,4741678012,26626
Warren,Wright,warren.wright@coloradocollege.edu,204940,8237215305,28575
Christian,Coleman,christian.coleman@coloradocollege.edu,898135,7122199212,23127
Rachel,James,rachel.james@coloradocollege.edu,178280,2894212269,23458
Diana,Abraham,diana.abraham@coloradocollege.edu,705417,5702223953,27201
Neil,Ross,neil.ross@coloradocollege.edu,375988,9180643056,28878
Caroline,Parsons,caroline.parsons@coloradocollege.edu,896144,4959404246,23624
Charles,Graham,charles.graham@coloradocollege.edu,518415,6090906789,21294
Andrew,Lyman,andrew.lyman@coloradocollege.edu,496701,9910510081,27880
Kylie,Jackson,kylie.jackson@coloradocollege.edu,508654,6608573222,24191
Joanne,May,joanne.may@coloradocollege.edu,639062,2858858927,29532
Sebastian,Burgess,sebastian.burgess@coloradocollege.edu,814339,2167058984,25109
Phil,Morgan,phil.morgan@coloradocollege.edu,197719,8951925055,29984
Connor,Hemmings,connor.hemmings@coloradocollege.edu,970257,9087315307,21969
Mary,Gibson,mary.gibson@coloradocollege.edu,358032,4557632238,27342
Dylan,Glover,dylan.glover@coloradocollege.edu,964997,1152375362,25692
Benjamin,Fraser,benjamin.fraser@coloradocollege.edu,321811,2159868172,20850
Stephen,Newman,stephen.newman@coloradocollege.edu,358112,1617251672,24165
Max,Lawrence,max.lawrence@coloradocollege.edu,582532,3395442676,22131
Nathan,Walsh,nathan.walsh@coloradocollege.edu,509992,1566832877,27226
Sam,Young,sam.young@coloradocollege.edu,698353,4665765384,28342
Olivia,Metcalfe,olivia.metcalfe@coloradocollege.edu,501170,3602857499,25115
Max,Kerr,max.kerr@coloradocollege.edu,401285,7360502154,25013
Dylan,Vance,dylan.vance@coloradocollege.edu,654080,7754771365,23984
Mary,Black,mary.black@coloradocollege.edu,663017,8776514876,25102
Sebastian,Taylor,sebastian.taylor@coloradocollege.edu,700041,9025214328,23792
Lily,Scott,lily.scott@coloradocollege.edu,480789,6390231529,28220
Owen,Terry,owen.terry@coloradocollege.edu,233660,1501075049,20711
Steven,Smith,steven.smith@coloradocollege.edu,333170,8839046975,21488
Joseph,Springer,joseph.springer@coloradocollege.edu,432575,6761139836,28563
Grace,Murray,grace.murray@coloradocollege.edu,214453,1219627617,22537
Tracey,Russell,tracey.russell@coloradocollege.edu,141004,6485271317,20933
Tracey,Howard,tracey.howard@coloradocollege.edu,972410,9115113984,29017
Dan,Bell,dan.bell@coloradocollege.edu,586416,4133657008,22761
Boris,Lambert,boris.lambert@coloradocollege.edu,209853,8205088831,28710
Ruth,Manning,ruth.manning@coloradocollege.edu,435314,8969012755,24236
Dorothy,Edmunds,dorothy.edmunds@coloradocollege.edu,680168,6096745604,28215
Max,Allan,max.allan@coloradocollege.edu,722437,6681509679,28284
Natalie,Anderson,natalie.anderson@coloradocollege.edu,755106,1401826377,23205
Stephanie,Short,stephanie.short@coloradocollege.edu,460050,6945664774,23002
Max,Peters,max.peters@coloradocollege.edu,667933,6813876729,27637
Christian,Graham,christian.graham@coloradocollege.edu,393099,4707940587,20958
Kylie,Sanderson,kylie.sanderson@coloradocollege.edu,139633,4920499147,23628
Jack,MacDonald,jack.macdonald@coloradocollege.edu,608734,5122349871,27452
Lisa,Bond,lisa.bond@coloradocollege.edu,795539,4370535573,29624
Emily,Scott,emily.scott@coloradocollege.edu,367316,9620944835,24570
Nicholas,Burgess,nicholas.burgess@coloradocollege.edu,748380,3283340771,20810
Jacob,Roberts,jacob.roberts@coloradocollege.edu,344897,4805936888,20630
Rose,Gray,rose.gray@coloradocollege.edu,378347,1526246547,23154
Pippa,Hughes,pippa.hughes@coloradocollege.edu,197545,1224090133,26093
Boris,Glover,boris.glover@coloradocollege.edu,730821,5789593079,23221
Jacob,Avery,jacob.avery@coloradocollege.edu,790475,3255582600,23704
Gordon,Reid,gordon.reid@coloradocollege.edu,578712,8247409833,24293
Donna,Lyman,donna.lyman@coloradocollege.edu,279969,9908203797,29729
Caroline,Chapman,caroline.chapman@coloradocollege.edu,472915,8570802704,22479
Sonia,Peters,sonia.peters@coloradocollege.edu,372708,2468853824,20561
Oliver,Mackay,oliver.mackay@coloradocollege.edu,270974,6639471629,25484
Fiona,Hodges,fiona.hodges@coloradocollege.edu,659328,8724416621,21710
Joshua,Scott,joshua.scott@coloradocollege.edu,927076,2119014774,29428
Ian,King,ian.king@coloradocollege.edu,146719,7632718514,28984
Gavin,MacDonald,gavin.macdonald@coloradocollege.edu,486541,3145235884,21401
Jennifer,Ferguson,jennifer.ferguson@coloradocollege.edu,285704,9454181568,26904
Blake,Murray,blake.murray@coloradocollege.edu,115722,6649212721,23874
Theresa,Martin,theresa.martin@coloradocollege.edu,863735,8611446061,29848
Adrian,Greene,adrian.greene@coloradocollege.edu,156111,9667338293,21956
Eric,Watson,eric.watson@coloradocollege.edu,348673,7497554811,27784
Jane,Hill,jane.hill@coloradocollege.edu,122225,2088499103,26884
Carol,Morrison,carol.morrison@coloradocollege.edu,995603,1337455513,28084
Carolyn,Underwood,carolyn.underwood@coloradocollege.edu,303573,1401303625,20167
Jonathan,Payne,jonathan.payne@coloradocollege.edu,430765,1001572922,27728
Carolyn,Ross,carolyn.ross@coloradocollege.edu,312998,7506553656,20477
Fiona,Mackay,fiona.mackay@coloradocollege.edu,996119,7947634592,21625
Paul,Skinner,paul.skinner@coloradocollege.edu,862860,6299083297,28756
Grace,Blake,grace.blake@coloradocollege.edu,756291,7100760455,26332
Wanda,Hodges,wanda.hodges@coloradocollege.edu,185580,6486426015,24416
Gabrielle,MacDonald,gabrielle.macdonald@coloradocollege.edu,439321,9614397379,25750
Sonia,MacLeod,sonia.macleod@coloradocollege.edu,986852,2459657290,24680
Audrey,King,audrey.king@coloradocollege.edu,248706,9524457829,22989
Emma,Dickens,emma.dickens@coloradocollege.edu,422814,2800696818,22357
Keith,Parr,keith.parr@coloradocollege.edu,437782,9289961475,27827
Anne,Taylor,anne.taylor@coloradocollege.edu,181348,6800693598,25649
Ava,Hudson,ava.hudson@coloradocollege.edu,288445,1829978850,20984
Ava,Hardacre,ava.hardacre@coloradocollege.edu,664223,8173460734,29989
Sophie,Nolan,sophie.nolan@coloradocollege.edu,301768,4392427641,21897
Anthony,Edmunds,anthony.edmunds@coloradocollege.edu,111844,1890812935,26268
Max,Marshall,max.marshall@coloradocollege.edu,480330,5142762150,24118
Austin,Churchill,austin.churchill@coloradocollege.edu,731242,6769283843,20012
Ryan,Kelly,ryan.kelly@coloradocollege.edu,127878,2254973410,29637
Sophie,Hart,sophie.hart@coloradocollege.edu,279334,3216163363,28033
Leonard,Parr,leonard.parr@coloradocollege.edu,283936,6768083131,27563
John,Edmunds,john.edmunds@coloradocollege.edu,525595,9425314571,24724
Ella,Paige,ella.paige@coloradocollege.edu,403366,3553939621,28647
Alexandra,Simpson,alexandra.simpson@coloradocollege.edu,638722,5700276262,25356
Mary,Welch,mary.welch@coloradocollege.edu,460507,8434539400,25655
Emily,Dowd,emily.dowd@coloradocollege.edu,475346,8356939043,21463
Zoe,Young,zoe.young@coloradocollege.edu,167742,9537087081,28779
Robert,Reid,robert.reid@coloradocollege.edu,442810,6351788015,29680
Matt,Mackay,matt.mackay@coloradocollege.edu,350242,1848894374,23899
Joan,Bower,joan.bower@coloradocollege.edu,635682,1616341218,23264
Lillian,Reid,lillian.reid@coloradocollege.edu,850473,3182508104,21003
Lillian,MacLeod,lillian.macleod@coloradocollege.edu,456609,1911951784,29237
Chloe,Coleman,chloe.coleman@coloradocollege.edu,598077,8184176717,22465
Joe,Peters,joe.peters@coloradocollege.edu,281670,7825091639,27963
Tracey,Vance,tracey.vance@coloradocollege.edu,990814,6160663616,24224
Jack,Stewart,jack.stewart@coloradocollege.edu,499229,7390311358,27959
Justin,Murray,justin.murray@coloradocollege.edu,704927,6630678593,25643
Amelia,King,amelia.king@coloradocollege.edu,665392,7396824868,25798
Heather,Duncan,heather.duncan@coloradocollege.edu,459160,3551871686,24817
Anthony,Howard,anthony.howard@coloradocollege.edu,436150,2107102955,21831
Mary,Miller,mary.miller@coloradocollege.edu,321813,8700982205,26585
Eric,Ellison,eric.ellison@coloradocollege.edu,779428,2820099975,28146
Victoria,Miller,victoria.miller@coloradocollege.edu,120481,4076523924,26348
Cameron,White,cameron.white@coloradocollege.edu,984188,1618634003,23101
Joseph,Knox,joseph.knox@coloradocollege.edu,920884,2479475479,20477
Amelia,Scott,amelia.scott@coloradocollege.edu,457429,8287638699,25641
Molly,Stewart,molly.stewart@coloradocollege.edu,649466,2273594339,25309
Justin,Slater,justin.slater@coloradocollege.edu,936809,4747839856,29697
Tracey,Bailey,tracey.bailey@coloradocollege.edu,227835,6740672632,27209
Colin,Clarkson,colin.clarkson@coloradocollege.edu,343395,1647143707,23727
Jason,Paterson,jason.paterson@coloradocollege.edu,822576,7135566701,23701
Anna,Mathis,anna.mathis@coloradocollege.edu,917017,6309463781,24687
Austin,Ogden,austin.ogden@coloradocollege.edu,997017,3756284727,25848
Richard,Gill,richard.gill@coloradocollege.edu,663042,3194393698,29439
Bernadette,Ogden,bernadette.ogden@coloradocollege.edu,880118,5650257797,25680
Jessica,Hamilton,jessica.hamilton@coloradocollege.edu,935495,9528923967,25875
Alexandra,Hodges,alexandra.hodges@coloradocollege.edu,907393,3045116237,26102
Robert,Butler,robert.butler@coloradocollege.edu,144759,4787190029,22173
Jan,Rees,jan.rees@coloradocollege.edu,808227,7867850043,20248
Heather,Poole,heather.poole@coloradocollege.edu,854633,4762616100,25838
Neil,McGrath,neil.mcgrath@coloradocollege.edu,330078,8467111880,26247
Lisa,Thomson,lisa.thomson@coloradocollege.edu,850841,4418092515,23039
Rachel,Blake,rachel.blake@coloradocollege.edu,375290,6806369864,26200
Amy,MacLeod,amy.macleod@coloradocollege.edu,953651,1135748463,24672
Olivia,Rutherford,olivia.rutherford@coloradocollege.edu,450654,7057313941,29416
Jack,Lyman,jack.lyman@coloradocollege.edu,714877,8252284605,26671
Neil,Paige,neil.paige@coloradocollege.edu,186707,1960951817,23588
Rebecca,Rampling,rebecca.rampling@coloradocollege.edu,920254,1088235621,26759
Christopher,Randall,christopher.randall@coloradocollege.edu,899567,5287100774,23108
Caroline,Forsyth,caroline.forsyth@coloradocollege.edu,408877,6869548354,22254
Donna,Quinn,donna.quinn@coloradocollege.edu,902009,4185775464,25695
Steven,Brown,steven.brown@coloradocollege.edu,800385,2253552201,27343
Sebastian,Miller,sebastian.miller@coloradocollege.edu,710550,3177774888,22361
Kimberly,Walsh,kimberly.walsh@coloradocollege.edu,752023,8178275917,20792
Penelope,Brown,penelope.brown@coloradocollege.edu,985854,1368267107,25838
Amanda,Manning,amanda.manning@coloradocollege.edu,371348,7480339941,22498
Gordon,Langdon,gordon.langdon@coloradocollege.edu,537621,2101475461,20869
Chloe,Wilkins,chloe.wilkins@coloradocollege.edu,761021,6981510993,20321
Matt,Rutherford,matt.rutherford@coloradocollege.edu,855669,2338759404,28723
Irene,Bower,irene.bower@coloradocollege.edu,911760,4688400746,26884
Victoria,Howard,victoria.howard@coloradocollege.edu,703925,5595957698,26135
Jan,Turner,jan.turner@coloradocollege.edu,708823,5122740612,29808
Yvonne,Berry,yvonne.berry@coloradocollege.edu,615727,6248443112,20937
Kevin,Bower,kevin.bower@coloradocollege.edu,689176,8764036410,20330
David,Chapman,david.chapman@coloradocollege.edu,955928,6961312282,23417
Sarah,Clarkson,sarah.clarkson@coloradocollege.edu,337040,7951199327,27831
Neil,Lyman,neil.lyman@coloradocollege.edu,414435,3994409874,28050
Emma,Johnston,emma.johnston@coloradocollege.edu,601538,9068606783,21950
Lauren,Russell,lauren.russell@coloradocollege.edu,785251,8007641589,20848
Joan,Bell,joan.bell@coloradocollege.edu,752698,6242607662,25634
Isaac,Jones,isaac.jones@coloradocollege.edu,855148,2265785847,25014
Sean,Cameron,sean.cameron@coloradocollege.edu,207140,5629088281,23668
Virginia,Wilson,virginia.wilson@coloradocollege.edu,248353,5007659865,26364
Bella,White,bella.white@coloradocollege.edu,443846,8478490810,23710
Jane,Ogden,jane.ogden@coloradocollege.edu,935219,8820694619,27124
Carolyn,Hudson,carolyn.hudson@coloradocollege.edu,789977,7129127684,20324
Alan,Underwood,alan.underwood@coloradocollege.edu,282799,2764043280,24249
Sonia,Stewart,sonia.stewart@coloradocollege.edu,842440,7442363075,29687
Warren,Hart,warren.hart@coloradocollege.edu,684449,8840813751,23127
Tracey,Lambert,tracey.lambert@coloradocollege.edu,554523,4972319576,23860
Richard,Hardacre,richard.hardacre@coloradocollege.edu,352040,4720631456,24422
Michelle,Arnold,michelle.arnold@coloradocollege.edu,468003,6758537957,21417
Melanie,Clarkson,melanie.clarkson@coloradocollege.edu,626714,5144296012,20809
Thomas,Davidson,thomas.davidson@coloradocollege.edu,577585,7935366577,21660
Owen,Robertson,owen.robertson@coloradocollege.edu,620529,2854839866,22073
Sophie,Baker,sophie.baker@coloradocollege.edu,463601,8048669495,22970
Christopher,Sanderson,christopher.sanderson@coloradocollege.edu,486377,9641871482,26873
Sonia,Marshall,sonia.marshall@coloradocollege.edu,816507,7319605770,20700
Brandon,Ferguson,brandon.ferguson@coloradocollege.edu,443337,4681735702,29470
Trevor,Anderson,trevor.anderson@coloradocollege.edu,668018,5791491720,21585
Jennifer,Marshall,jennifer.marshall@coloradocollege.edu,892652,6956944317,23303
Deirdre,Kerr,deirdre.kerr@coloradocollege.edu,869908,8522441604,20609
Pippa,Springer,pippa.springer@coloradocollege.edu,873894,1701634159,23901
Kimberly,Bond,kimberly.bond@coloradocollege.edu,910376,7536563603,29002
Leonard,Clarkson,leonard.clarkson@coloradocollege.edu,404547,8986846692,27328
Gabrielle,Watson,gabrielle.watson@coloradocollege.edu,958772,2698822542,29057
Maria,Allan,maria.allan@coloradocollege.edu,399527,7256523466,23081
Tracey,Cameron,tracey.cameron@coloradocollege.edu,324224,1401072564,22440
Luke,Graham,luke.graham@coloradocollege.edu,613611,6866861704,24660
Cameron,Morgan,cameron.morgan@coloradocollege.edu,774082,1145090061,24426
Diane,Mills,diane.mills@coloradocollege.edu,990093,3585600167,26453
Bella,Rampling,bella.rampling@coloradocollege.edu,667073,1217119254,27330
Cameron,Metcalfe,cameron.metcalfe@coloradocollege.edu,790802,4141760258,27466
David,White,david.white@coloradocollege.edu,255758,9322048108,27085
Stephanie,Mills,stephanie.mills@coloradocollege.edu,850629,2749337928,24956
Jane,Martin,jane.martin@coloradocollege.edu,249447,6087913680,22910
Emily,McGrath,emily.mcgrath@coloradocollege.edu,248130,7332774933,21932
Kevin,McGrath,kevin.mcgrath@coloradocollege.edu,967125,4856834347,27093
Austin,Springer,austin.springer@coloradocollege.edu,180920,2965471178,25625
Lisa,Mathis,lisa.mathis@coloradocollege.edu,980462,8924978602,29586
Wendy,Manning,wendy.manning@coloradocollege.edu,149905,9617452885,29799
Stephen,Welch,stephen.welch@coloradocollege.edu,607059,2873281906,27591
Sally,Coleman,sally.coleman@coloradocollege.edu,299529,2898977687,20542
Stewart,Wilson,stewart.wilson@coloradocollege.edu,834550,9559230478,25280
Anna,Dickens,anna.dickens@coloradocollege.edu,535894,6727099484,23045
Karen,Cameron,karen.cameron@coloradocollege.edu,703754,9594260102,26428
David,Hudson,david.hudson@coloradocollege.edu,787395,5475034005,25041
Eric,Walker,eric.walker@coloradocollege.edu,355346,8349045839,21453
Virginia,Coleman,virginia.coleman@coloradocollege.edu,641481,9715847126,25949
Mary,Parsons,mary.parsons@coloradocollege.edu,442061,5366793308,24565
Carl,McLean,carl.mclean@coloradocollege.edu,910828,1100790115,29713
Carol,Bond,carol.bond@coloradocollege.edu,951075,3504541560,24113
Felicity,Paige,felicity.paige@coloradocollege.edu,279689,9359450008,28615
Sophie,Coleman,sophie.coleman@coloradocollege.edu,388156,1748017892,20458
Jake,MacDonald,jake.macdonald@coloradocollege.edu,303657,6280298909,20084
Kevin,Scott,kevin.scott@coloradocollege.edu,715406,4848924824,27639
Maria,Bell,maria.bell@coloradocollege.edu,914065,4164998785,26372
Harry,Howard,harry.howard@coloradocollege.edu,414146,3547215236,23909
Neil,Butler,neil.butler@coloradocollege.edu,997193,1533057164,27020
Keith,Henderson,keith.henderson@coloradocollege.edu,243956,8453505519,25728
Amanda,Brown,amanda.brown@coloradocollege.edu,630093,3634691245,22903
Matt,Turner,matt.turner@coloradocollege.edu,294754,2115508723,28931
Una,Short,una.short@coloradocollege.edu,338339,7280341847,22896
Paul,Dowd,paul.dowd@coloradocollege.edu,957544,9383582864,27959
Una,Ellison,una.ellison@coloradocollege.edu,781011,8877757136,24081
Sonia,Short,sonia.short@coloradocollege.edu,344559,7528659633,24067
Anna,Walker,anna.walker@coloradocollege.edu,561681,8953763635,27151
Sam,McDonald,sam.mcdonald@coloradocollege.edu,100931,9756362188,26146
Sue,Wilson,sue.wilson@coloradocollege.edu,567386,9224577178,29974
Kylie,Ferguson,kylie.ferguson@coloradocollege.edu,715996,4296208010,21301
Stephanie,Sharp,stephanie.sharp@coloradocollege.edu,487616,5904067793,23704
Ryan,Edmunds,ryan.edmunds@coloradocollege.edu,724258,9586016853,23212
Michelle,Chapman,michelle.chapman@coloradocollege.edu,935857,2201338827,24638
Christopher,Hardacre,christopher.hardacre@coloradocollege.edu,789133,6603783100,23047
Wanda,Butler,wanda.butler@coloradocollege.edu,792308,7791181815,20914
Tracey,Grant,tracey.grant@coloradocollege.edu,524199,8774605816,24866
Eric,Carr,eric.carr@coloradocollege.edu,183585,9802929415,21740
Austin,Graham,austin.graham@coloradocollege.edu,527231,2583480705,20105
Zoe,Davies,zoe.davies@coloradocollege.edu,352775,5704402308,23771
Lauren,Rampling,lauren.rampling@coloradocollege.edu,535838,6488112479,24687
Fiona,MacDonald,fiona.macdonald@coloradocollege.edu,768248,2355798546,21658
Lily,Ogden,lily.ogden@coloradocollege.edu,326270,3765276242,22283
Jason,Robertson,jason.robertson@coloradocollege.edu,976423,8497873444,28134
Nathan,Mills,nathan.mills@coloradocollege.edu,961346,6974781800,27503
Melanie,Jackson,melanie.jackson@coloradocollege.edu,132870,5258369992,21864
Una,Taylor,una.taylor@coloradocollege.edu,741973,8673227438,24931
Joan,Underwood,joan.underwood@coloradocollege.edu,499741,3286912744,23317
Carl,May,carl.may@coloradocollege.edu,862946,6368281690,28557
Audrey,Paige,audrey.paige@coloradocollege.edu,880226,6306444836,27229
Anna,Kerr,anna.kerr@coloradocollege.edu,407391,8122228650,23533
Audrey,Carr,audrey.carr@coloradocollege.edu,663728,6218972903,22000
Michael,Gill,michael.gill@coloradocollege.edu,449195,9440739404,27070
Diane,Smith,diane.smith@coloradocollege.edu,745961,4020573301,27510
Pippa,Hunter,pippa.hunter@coloradocollege.edu,130852,7335569599,24911
Sally,James,sally.james@coloradocollege.edu,130504,1073467545,20103
Peter,McLean,peter.mclean@coloradocollege.edu,620086,4024392411,21537
Amelia,Stewart,amelia.stewart@coloradocollege.edu,629852,2303345745,20526
Sarah,Thomson,sarah.thomson@coloradocollege.edu,941933,1366375577,23894
Samantha,Hill,samantha.hill@coloradocollege.edu,714989,7889931138,21674
Madeleine,Hardacre,madeleine.hardacre@coloradocollege.edu,993332,8884946240,20811
Nathan,Dowd,nathan.dowd@coloradocollege.edu,291467,1616244136,23433
Samantha,Walsh,samantha.walsh@coloradocollege.edu,138611,6665768351,24031
Deirdre,Anderson,deirdre.anderson@coloradocollege.edu,479047,1445901496,21939
Anna,Miller,anna.miller@coloradocollege.edu,459160,3894687036,25319
Elizabeth,James,elizabeth.james@coloradocollege.edu,454527,2933554218,29644
Samantha,Wright,samantha.wright@coloradocollege.edu,133015,7335385664,21901
David,Ince,david.ince@coloradocollege.edu,790726,6568674150,26746
William,Powell,william.powell@coloradocollege.edu,386271,4398865711,20631
Sue,Parsons,sue.parsons@coloradocollege.edu,776605,6756110375,27483
Amy,Rampling,amy.rampling@coloradocollege.edu,675035,2959676934,29422
Theresa,Dowd,theresa.dowd@coloradocollege.edu,838747,6789364907,20706
Megan,Walsh,megan.walsh@coloradocollege.edu,834211,6990982867,29639
Melanie,Skinner,melanie.skinner@coloradocollege.edu,960299,9875626081,29905
Joe,Ince,joe.ince@coloradocollege.edu,546119,7878614939,23441
Oliver,Young,oliver.young@coloradocollege.edu,886884,5822019826,29132
Nicholas,Anderson,nicholas.anderson@coloradocollege.edu,118462,6095200854,25328
Jonathan,Manning,jonathan.manning@coloradocollege.edu,540407,5451940407,25556
Penelope,Stewart,penelope.stewart@coloradocollege.edu,584135,8843089009,22201
Austin,Hodges,austin.hodges@coloradocollege.edu,178034,7486890924,21907
Carol,Forsyth,carol.forsyth@coloradocollege.edu,293391,3934569621,29139
Leonard,Mathis,leonard.mathis@coloradocollege.edu,279900,1513671406,24711
Emily,Lawrence,emily.lawrence@coloradocollege.edu,553303,3962480373,21955
Ian,Mills,ian.mills@coloradocollege.edu,245284,6514441390,29810
Mary,Randall,mary.randall@coloradocollege.edu,474886,6931122101,27880
Julia,Morgan,julia.morgan@coloradocollege.edu,588649,9933283738,29664
Virginia,Reid,virginia.reid@coloradocollege.edu,481606,3953959265,27812
Paul,Hill,paul.hill@coloradocollege.edu,772946,6160421631,26105
Adrian,Stewart,adrian.stewart@coloradocollege.edu,686003,3570425438,27927
Jacob,Duncan,jacob.duncan@coloradocollege.edu,763966,1590641186,28741
Gordon,Parsons,gordon.parsons@coloradocollege.edu,757995,2463679621,29668
Robert,Simpson,robert.simpson@coloradocollege.edu,612188,6490070182,21057
Boris,White,boris.white@coloradocollege.edu,733904,1538892485,21112
Leonard,Slater,leonard.slater@coloradocollege.edu,627622,9742475514,27299
Boris,Sharp,boris.sharp@coloradocollege.edu,324668,4337271259,29263
Thomas,Wilson,thomas.wilson@coloradocollege.edu,411611,4955219789,21989
Sophie,James,sophie.james@coloradocollege.edu,857818,6103413773,29605
Andrea,Hunter,andrea.hunter@coloradocollege.edu,687425,8208505627,21522
Robert,Campbell,robert.campbell@coloradocollege.edu,622104,5525334930,28792
James,Blake,james.blake@coloradocollege.edu,223659,6899028473,23144
Jan,Randall,jan.randall@coloradocollege.edu,452845,9076980931,27389
Oliver,Roberts,oliver.roberts@coloradocollege.edu,287224,3336668570,27090
Joanne,Rees,joanne.rees@coloradocollege.edu,559790,3113542638,21453
Gordon,MacLeod,gordon.macleod@coloradocollege.edu,861739,3760943031,22652
Victor,Gill,victor.gill@coloradocollege.edu,896314,5954551801,29759
Jennifer,Vaughan,jennifer.vaughan@coloradocollege.edu,151755,3728207261,28434
Gabrielle,Brown,gabrielle.brown@coloradocollege.edu,534697,9207365434,29147
Brian,Sutherland,brian.sutherland@coloradocollege.edu,968285,1481494271,22554
Dorothy,Payne,dorothy.payne@coloradocollege.edu,452715,1244963340,20176
Max,Watson,max.watson@coloradocollege.edu,645659,7812848047,27094
Max,Ellison,max.ellison@coloradocollege.edu,293585,2593626307,24396
Simon,Clarkson,simon.clarkson@coloradocollege.edu,242863,8885432167,25551
Theresa,Campbell,theresa.campbell@coloradocollege.edu,436965,4036440843,25886
Adam,MacLeod,adam.macleod@coloradocollege.edu,105819,9322715239,26280
Sonia,Lee,sonia.lee@coloradocollege.edu,494092,5945597002,29460
Madeleine,Lawrence,madeleine.lawrence@coloradocollege.edu,775314,9366814816,28772
Gordon,Hunter,gordon.hunter@coloradocollege.edu,428272,1662777304,26452
Hannah,McLean,hannah.mclean@coloradocollege.edu,894944,4225572291,28134
Alexandra,Gill,alexandra.gill@coloradocollege.edu,188491,5487637327,21546
Warren,Murray,warren.murray@coloradocollege.edu,950162,3720568243,26770
Sam,Ince,sam.ince@coloradocollege.edu,136798,1102578505,29236
Carol,Cornish,carol.cornish@coloradocollege.edu,643387,4646552557,20022
Lucas,Gray,lucas.gray@coloradocollege.edu,762417,2205901229,29266
Adrian,Harris,adrian.harris@coloradocollege.edu,472726,2986940135,21665
Sarah,White,sarah.white@coloradocollege.edu,354241,2254537266,29622
Michael,Slater,michael.slater@coloradocollege.edu,480979,8486204231,28750
Emily,Sanderson,emily.sanderson@coloradocollege.edu,595644,8267298839,27848
Edward,Lawrence,edward.lawrence@coloradocollege.edu,496260,8539855003,21420
David,Reid,david.reid@coloradocollege.edu,660687,6161143042,23072
Stewart,Reid,stewart.reid@coloradocollege.edu,590967,3970935869,25203
Carol,Fisher,carol.fisher@coloradocollege.edu,762868,5807173980,21515
Felicity,Morrison,felicity.morrison@coloradocollege.edu,921382,2220338637,26951
Rebecca,McDonald,rebecca.mcdonald@coloradocollege.edu,920358,5292990123,29556
Lauren,Murray,lauren.murray@coloradocollege.edu,106720,1774136679,27997
Benjamin,Campbell,benjamin.campbell@coloradocollege.edu,804978,6444753704,27188
Blake,Scott,blake.scott@coloradocollege.edu,846069,3057879984,20634
Donna,Payne,donna.payne@coloradocollege.edu,900168,8230193717,29466
Colin,Kerr,colin.kerr@coloradocollege.edu,731286,2141737876,23407
Karen,Campbell,karen.campbell@coloradocollege.edu,981187,8022062992,24855
William,Paterson,william.paterson@coloradocollege.edu,406254,6851864162,23543
Nicola,Sharp,nicola.sharp@coloradocollege.edu,178531,2783102250,21354
Sean,Ross,sean.ross@coloradocollege.edu,105410,5927272063,25842
David,Lambert,david.lambert@coloradocollege.edu,630218,2291153398,23819
Samantha,Parsons,samantha.parsons@coloradocollege.edu,905368,3926453990,20850
Christian,Tucker,christian.tucker@coloradocollege.edu,573702,5474615410,29460
Kevin,Davies,kevin.davies@coloradocollege.edu,776693,5240491786,28401
Piers,Kelly,piers.kelly@coloradocollege.edu,577322,5240244964,27004
Dylan,Murray,dylan.murray@coloradocollege.edu,146659,4164402144,25178
Caroline,Johnston,caroline.johnston@coloradocollege.edu,231340,5903885021,20970
Lisa,Short,lisa.short@coloradocollege.edu,820682,6828661258,26726
Kylie,Hughes,kylie.hughes@coloradocollege.edu,143075,2605143046,29376
John,Martin,john.martin@coloradocollege.edu,945299,1128108235,27227
Austin,Sutherland,austin.sutherland@coloradocollege.edu,753617,1606081113,20687
Julia,Hudson,julia.hudson@coloradocollege.edu,627987,8052165184,29697
Nathan,Pullman,nathan.pullman@coloradocollege.edu,566950,1905125001,26051
Theresa,Parsons,theresa.parsons@coloradocollege.edu,601240,3585658608,25663
Benjamin,Marshall,benjamin.marshall@coloradocollege.edu,487831,4410982122,20615
Megan,Graham,megan.graham@coloradocollege.edu,420074,9290800227,26358
Yvonne,Hughes,yvonne.hughes@coloradocollege.edu,974544,4234770659,25184
Eric,Short,eric.short@coloradocollege.edu,903384,3530529778,24457
Carl,Hudson,carl.hudson@coloradocollege.edu,589537,4805688829,20206
Adrian,Campbell,adrian.campbell@coloradocollege.edu,470009,7636393228,28762
Yvonne,Glover,yvonne.glover@coloradocollege.edu,533787,2755345246,28386
Hannah,Skinner,hannah.skinner@coloradocollege.edu,985438,3222624015,22899
Harry,Hodges,harry.hodges@coloradocollege.edu,733219,1418057644,26717
Anna,Hamilton,anna.hamilton@coloradocollege.edu,791776,3967803111,23339
Jasmine,Hart,jasmine.hart@coloradocollege.edu,104282,4331295695,20950
Boris,King,boris.king@coloradocollege.edu,523203,6926266691,28688
Isaac,Underwood,isaac.underwood@coloradocollege.edu,907264,1443792843,25187
Caroline,Welch,caroline.welch@coloradocollege.edu,962496,7062420872,24495
Alan,Langdon,alan.langdon@coloradocollege.edu,431403,3042178627,21608
Peter,Glover,peter.glover@coloradocollege.edu,846101,3676372525,26009
Grace,Nash,grace.nash@coloradocollege.edu,722289,7148382052,28998
Richard,Burgess,richard.burgess@coloradocollege.edu,492628,9896754369,29114
Bernadette,Allan,bernadette.allan@coloradocollege.edu,481478,2212639321,20986
Stephen,Dyer,stephen.dyer@coloradocollege.edu,707773,1583373457,28490
Stewart,Gill,stewart.gill@coloradocollege.edu,759814,4044614894,29845
Katherine,Clark,katherine.clark@coloradocollege.edu,183932,1408152690,28840
Diane,Grant,diane.grant@coloradocollege.edu,773914,4166092329,28761
Sonia,Terry,sonia.terry@coloradocollege.edu,323266,7764262816,24824
Jack,Baker,jack.baker@coloradocollege.edu,862894,4123803983,21381
Theresa,Lee,theresa.lee@coloradocollege.edu,484442,1180136444,25898
Brandon,May,brandon.may@coloradocollege.edu,986900,1006781762,29649
Dan,Lambert,dan.lambert@coloradocollege.edu,496714,2194756745,20898
Kevin,Anderson,kevin.anderson@coloradocollege.edu,371025,9417387984,22464
Mary,Hughes,mary.hughes@coloradocollege.edu,148724,4214216019,24211
Michael,Walsh,michael.walsh@coloradocollege.edu,660896,9104422942,20243
Steven,Pullman,steven.pullman@coloradocollege.edu,480582,9464459142,23772
Diane,Taylor,diane.taylor@coloradocollege.edu,132298,9232585293,26476
Donna,Gill,donna.gill@coloradocollege.edu,802823,2859303035,22001
Owen,Alsop,owen.alsop@coloradocollege.edu,790905,8096404481,26275
Victoria,Jackson,victoria.jackson@coloradocollege.edu,483223,7793708625,26494
Jacob,Watson,jacob.watson@coloradocollege.edu,764307,6593383202,22408
Madeleine,Bower,madeleine.bower@coloradocollege.edu,205530,9535440731,23935
Lisa,Wallace,lisa.wallace@coloradocollege.edu,539933,6984965480,23363
Harry,Dowd,harry.dowd@coloradocollege.edu,492104,4968680317,23874
Wanda,Marshall,wanda.marshall@coloradocollege.edu,337542,2722448382,25446
Sam,Ball,sam.ball@coloradocollege.edu,678709,5654600088,29715
Paul,Henderson,paul.henderson@coloradocollege.edu,886850,1863303953,21523
Max,Bailey,max.bailey@coloradocollege.edu,835166,9465442417,21507
Benjamin,Anderson,benjamin.anderson@coloradocollege.edu,914614,5390714875,25170
Amy,McLean,amy.mclean@coloradocollege.edu,816942,7943855462,23268
Jonathan,Bond,jonathan.bond@coloradocollege.edu,996245,1440994217,23437
Faith,Rampling,faith.rampling@coloradocollege.edu,227464,7491966934,28300
Amanda,Jackson,amanda.jackson@coloradocollege.edu,942035,8656669767,27859
Frank,Rutherford,frank.rutherford@coloradocollege.edu,829997,6902168762,24015
Bernadette,Poole,bernadette.poole@coloradocollege.edu,448789,8248984222,23651
Warren,Payne,warren.payne@coloradocollege.edu,197661,7110453991,29552
Alexandra,James,alexandra.james@coloradocollege.edu,282476,6905056627,23717
Alexander,Peake,alexander.peake@coloradocollege.edu,875195,8925947458,23369
Boris,Randall,boris.randall@coloradocollege.edu,729397,9928335674,29332
Julia,Lee,julia.lee@coloradocollege.edu,289239,4548279888,29896
Luke,Hamilton,luke.hamilton@coloradocollege.edu,736653,6206713316,24284
Diane,Nolan,diane.nolan@coloradocollege.edu,100807,7323071068,29075
Owen,Hudson,owen.hudson@coloradocollege.edu,249481,7854576624,27893
Julian,Butler,julian.butler@coloradocollege.edu,420879,8824501880,21215
Neil,Sharp,neil.sharp@coloradocollege.edu,929637,2216152454,28627
Jessica,Oliver,jessica.oliver@coloradocollege.edu,839183,2091417099,29158
Jason,Marshall,jason.marshall@coloradocollege.edu,889539,7781425767,27174
Andrew,Newman,andrew.newman@coloradocollege.edu,583622,1008260820,23117
Claire,Davies,claire.davies@coloradocollege.edu,213528,5411942973,21453
Richard,Clark,richard.clark@coloradocollege.edu,830495,2116535085,22062
Sue,Butler,sue.butler@coloradocollege.edu,444586,3086130032,21778
Liam,Springer,liam.springer@coloradocollege.edu,442012,9382272042,24492
Leonard,Vaughan,leonard.vaughan@coloradocollege.edu,788189,3131244347,29224
Joshua,Ince,joshua.ince@coloradocollege.edu,509821,7360220599,27350
Audrey,Stewart,audrey.stewart@coloradocollege.edu,106967,8890744166,20836
Karen,Quinn,karen.quinn@coloradocollege.edu,174074,5646486956,28798
Fiona,Clark,fiona.clark@coloradocollege.edu,206758,5195088853,20821
Warren,Sharp,warren.sharp@coloradocollege.edu,795591,7531803525,28114
Keith,Robertson,keith.robertson@coloradocollege.edu,414741,4520040234,28773
Ava,May,ava.may@coloradocollege.edu,471626,3598202570,28623
Isaac,Metcalfe,isaac.metcalfe@coloradocollege.edu,901219,5670174116,29774
Karen,Manning,karen.manning@coloradocollege.edu,129176,1124210630,20563
Luke,Taylor,luke.taylor@coloradocollege.edu,781389,1412526236,23018
David,Quinn,david.quinn@coloradocollege.edu,371429,9383876233,27930
Lily,Smith,lily.smith@coloradocollege.edu,136832,5309969074,29177
Vanessa,Clark,vanessa.clark@coloradocollege.edu,719780,7682976891,29524
Heather,Gibson,heather.gibson@coloradocollege.edu,539027,5524737241,26317
Amanda,Allan,amanda.allan@coloradocollege.edu,141244,9812151907,29219
Justin,King,justin.king@coloradocollege.edu,683743,3731367744,24833
Rachel,Bower,rachel.bower@coloradocollege.edu,687748,5711663823,20203
Keith,Mathis,keith.mathis@coloradocollege.edu,919854,5333969114,23550
William,McLean,william.mclean@coloradocollege.edu,717072,8813640648,23584
Michael,Manning,michael.manning@coloradocollege.edu,878872,1238904095,24846
Carol,Slater,carol.slater@coloradocollege.edu,111396,8246378712,28365
Mary,Hart,mary.hart@coloradocollege.edu,780203,5928861785,27189
Jacob,Piper,jacob.piper@coloradocollege.edu,478526,3746210439,27222
James,Ellison,james.ellison@coloradocollege.edu,127941,7094844936,25399
Sonia,Quinn,sonia.quinn@coloradocollege.edu,779779,9661849675,22315
Eric,Ferguson,eric.ferguson@coloradocollege.edu,116644,7331031719,29147
Amanda,Morgan,amanda.morgan@coloradocollege.edu,961086,9314492480,25328
Alexander,Cornish,alexander.cornish@coloradocollege.edu,501248,7856918235,24126
Dan,Springer,dan.springer@coloradocollege.edu,405014,2483651705,20418
Bernadette,Stewart,bernadette.stewart@coloradocollege.edu,490551,4375035230,23093
Rachel,Harris,rachel.harris@coloradocollege.edu,281411,8593106139,26825
Warren,Clark,warren.clark@coloradocollege.edu,341900,4894861788,24748
Ava,Coleman,ava.coleman@coloradocollege.edu,557898,1655912983,27753
Justin,Ellison,justin.ellison@coloradocollege.edu,835167,5669972503,29224
Sue,Davies,sue.davies@coloradocollege.edu,236415,9092374617,20988
Evan,Cameron,evan.cameron@coloradocollege.edu,500605,9281943402,28612
Deirdre,Alsop,deirdre.alsop@coloradocollege.edu,352246,5050169107,24434
Stephanie,Howard,stephanie.howard@coloradocollege.edu,361490,9006145237,28952
Hannah,Forsyth,hannah.forsyth@coloradocollege.edu,272342,3187982926,27406
Vanessa,Knox,vanessa.knox@coloradocollege.edu,208114,5511789380,25997
Caroline,Davies,caroline.davies@coloradocollege.edu,890582,3213362975,20860
Ava,Glover,ava.glover@coloradocollege.edu,735568,3559895413,23616
Heather,Arnold,heather.arnold@coloradocollege.edu,888758,7894408631,25661
Jennifer,Gibson,jennifer.gibson@coloradocollege.edu,582011,9130211284,26168
Joshua,McDonald,joshua.mcdonald@coloradocollege.edu,129391,2579235674,29527
Andrew,Forsyth,andrew.forsyth@coloradocollege.edu,881809,6003177250,24667
Sean,Quinn,sean.quinn@coloradocollege.edu,698995,9705536241,25652
Megan,Ball,megan.ball@coloradocollege.edu,195889,7801908935,24693
Madeleine,Short,madeleine.short@coloradocollege.edu,483045,3636739046,24132
Carl,Roberts,carl.roberts@coloradocollege.edu,337203,1264191485,20526
Emily,Reid,emily.reid@coloradocollege.edu,575974,1306371669,25320
Nathan,Payne,nathan.payne@coloradocollege.edu,165777,5920040385,26423
Jane,Avery,jane.avery@coloradocollege.edu,733349,2937804612,21187
Anthony,Butler,anthony.butler@coloradocollege.edu,881259,3368440665,21583
Theresa,Anderson,theresa.anderson@coloradocollege.edu,538833,3386306770,20651
Rachel,MacDonald,rachel.macdonald@coloradocollege.edu,858804,8619239358,22978
Joanne,MacDonald,joanne.macdonald@coloradocollege.edu,694693,7864014277,23764
Piers,Walsh,piers.walsh@coloradocollege.edu,670385,3874151092,20644
Gabrielle,Johnston,gabrielle.johnston@coloradocollege.edu,884996,1394842970,20828
Bella,Butler,bella.butler@coloradocollege.edu,925750,4652497419,28800
Katherine,Parr,katherine.parr@coloradocollege.edu,543961,1867114101,22622
Carl,Martin,carl.martin@coloradocollege.edu,165340,1142957424,21941
James,Rutherford,james.rutherford@coloradocollege.edu,690806,7130701209,20391
Anne,Nolan,anne.nolan@coloradocollege.edu,864293,8743721909,21771
Melanie,Lawrence,melanie.lawrence@coloradocollege.edu,128446,9535647238,27556
Fiona,Short,fiona.short@coloradocollege.edu,583260,4520842819,25544
Benjamin,Chapman,benjamin.chapman@coloradocollege.edu,864286,2394922350,22424
Carl,Duncan,carl.duncan@coloradocollege.edu,490532,3233234387,25173
Isaac,Brown,isaac.brown@coloradocollege.edu,694456,6221039166,22264
Liam,Brown,liam.brown@coloradocollege.edu,918996,8662649302,28211
David,Henderson,david.henderson@coloradocollege.edu,161503,8044320992,28225
Audrey,Wilson,audrey.wilson@coloradocollege.edu,761500,8110837368,27184
Keith,Graham,keith.graham@coloradocollege.edu,673266,1538131004,21760
Jan,Russell,jan.russell@coloradocollege.edu,831848,5116209330,29653
Rebecca,Peters,rebecca.peters@coloradocollege.edu,552520,8725093204,22885
Steven,Forsyth,steven.forsyth@coloradocollege.edu,722505,8455115413,26602
Julia,Rutherford,julia.rutherford@coloradocollege.edu,721182,8173938473,25614
Boris,Forsyth,boris.forsyth@coloradocollege.edu,150053,3381829464,24380
Joe,Young,joe.young@coloradocollege.edu,682589,2283276161,24246
Kevin,Alsop,kevin.alsop@coloradocollege.edu,746859,2685734196,24744
Amanda,Wallace,amanda.wallace@coloradocollege.edu,549488,3564524454,27174
Steven,Fisher,steven.fisher@coloradocollege.edu,708454,9293392404,20866
Alan,Bell,alan.bell@coloradocollege.edu,611136,2156303959,26345
William,Morgan,william.morgan@coloradocollege.edu,240403,6909354340,20541
Molly,Johnston,molly.johnston@coloradocollege.edu,651037,3711774801,25300
Sophie,Hamilton,sophie.hamilton@coloradocollege.edu,480528,8043877242,24611
Karen,Ince,karen.ince@coloradocollege.edu,251349,6262484655,28267
Kylie,Ince,kylie.ince@coloradocollege.edu,741504,1339504863,21364
John,Greene,john.greene@coloradocollege.edu,253905,5326391860,20742
Nicholas,Hudson,nicholas.hudson@coloradocollege.edu,531601,8409161312,23504
Emma,Vaughan,emma.vaughan@coloradocollege.edu,927851,9483145471,20922
Michelle,Hunter,michelle.hunter@coloradocollege.edu,830335,7043113593,20968
Edward,Manning,edward.manning@coloradocollege.edu,305125,2181837467,25541
Tim,Edmunds,tim.edmunds@coloradocollege.edu,880621,2712073533,22195
Yvonne,Ince,yvonne.ince@coloradocollege.edu,679432,2707555295,23962
Robert,Metcalfe,robert.metcalfe@coloradocollege.edu,423644,5446081842,27620
Claire,Paige,claire.paige@coloradocollege.edu,931925,9679373806,24677
Leonard,MacDonald,leonard.macdonald@coloradocollege.edu,219647,4504918510,25429
Diane,Brown,diane.brown@coloradocollege.edu,501777,7348432931,22005
Lucas,Dyer,lucas.dyer@coloradocollege.edu,701192,5786354522,23382
Jane,Hughes,jane.hughes@coloradocollege.edu,154421,6666510352,28087
Jonathan,McLean,jonathan.mclean@coloradocollege.edu,425442,3050323760,29956
Jasmine,Mackay,jasmine.mackay@coloradocollege.edu,740998,9976404226,27253
Isaac,Bond,isaac.bond@coloradocollege.edu,611270,8030484665,23490
Pippa,Newman,pippa.newman@coloradocollege.edu,339445,4948404777,21468
Sue,Wright,sue.wright@coloradocollege.edu,581461,4307230793,25999
Cameron,Ince,cameron.ince@coloradocollege.edu,298515,2939288936,25363
Frank,Newman,frank.newman@coloradocollege.edu,902226,2831258190,22427
Sean,May,sean.may@coloradocollege.edu,435216,3332431409,27135
Claire,McGrath,claire.mcgrath@coloradocollege.edu,766007,8407064575,24585
Alison,Campbell,alison.campbell@coloradocollege.edu,814003,2367432351,20284
Natalie,James,natalie.james@coloradocollege.edu,727578,2372314863,24714
Sonia,Parsons,sonia.parsons@coloradocollege.edu,487728,8548881182,29597
Jake,Mackenzie,jake.mackenzie@coloradocollege.edu,313301,3691670434,25041
Yvonne,Kelly,yvonne.kelly@coloradocollege.edu,748012,6623695763,28601
Dan,Churchill,dan.churchill@coloradocollege.edu,786717,4528594658,22277
Stephanie,Marshall,stephanie.marshall@coloradocollege.edu,158917,9477307887,21250
Ryan,Martin,ryan.martin@coloradocollege.edu,815214,1136707917,21023
Nicholas,King,nicholas.king@coloradocollege.edu,469576,4809014568,25668
Jasmine,Parsons,jasmine.parsons@coloradocollege.edu,924021,4877876547,25622
John,Lewis,john.lewis@coloradocollege.edu,269663,7841688699,27868
Lisa,Bailey,lisa.bailey@coloradocollege.edu,422745,8194603233,25963
Samantha,Hodges,samantha.hodges@coloradocollege.edu,446145,7084627309,23887
Ian,Mitchell,ian.mitchell@coloradocollege.edu,648190,9542644286,22646
Cameron,Walsh,cameron.walsh@coloradocollege.edu,675076,1224402127,28757
William,Knox,william.knox@coloradocollege.edu,887113,4640529963,27685
Sebastian,Quinn,sebastian.quinn@coloradocollege.edu,951223,2285050453,26001
Nicola,Hill,nicola.hill@coloradocollege.edu,251033,2518723400,27895
Trevor,Russell,trevor.russell@coloradocollege.edu,907473,4990292486,22398
Dan,Sanderson,dan.sanderson@coloradocollege.edu,625989,3592967092,28285
Owen,Abraham,owen.abraham@coloradocollege.edu,559568,7178003169,27869
Alexandra,Hunter,alexandra.hunter@coloradocollege.edu,573726,1717977717,20834
Lauren,Anderson,lauren.anderson@coloradocollege.edu,935732,2627244827,21006
Caroline,Ogden,caroline.ogden@coloradocollege.edu,656534,9535541000,21207
Ella,Fraser,ella.fraser@coloradocollege.edu,774274,9501464345,23057
Ella,Paterson,ella.paterson@coloradocollege.edu,211433,6263419258,20710
John,Paterson,john.paterson@coloradocollege.edu,118028,4905429799,20920
Ruth,Carr,ruth.carr@coloradocollege.edu,841129,2788891971,24967
Caroline,Howard,caroline.howard@coloradocollege.edu,309722,1764099832,25410
Ryan,Lambert,ryan.lambert@coloradocollege.edu,902167,2896040307,20634
Grace,Davidson,grace.davidson@coloradocollege.edu,551229,9786063525,28030
Christian,Sharp,christian.sharp@coloradocollege.edu,519958,3602273681,21681
Carol,Wilson,carol.wilson@coloradocollege.edu,735843,7820331970,28021
Anthony,Clarkson,anthony.clarkson@coloradocollege.edu,124248,1111049173,23373
Amelia,Hamilton,amelia.hamilton@coloradocollege.edu,292754,9755025133,29905
Carolyn,Berry,carolyn.berry@coloradocollege.edu,171670,8344013486,23305
Paul,Rees,paul.rees@coloradocollege.edu,503768,3053536079,22701
Trevor,Smith,trevor.smith@coloradocollege.edu,661186,1485145737,29047
Dan,Ball,dan.ball@coloradocollege.edu,436798,3298607319,20285
Caroline,Powell,caroline.powell@coloradocollege.edu,817442,6292069404,20290
Austin,Thomson,austin.thomson@coloradocollege.edu,627440,2017539207,24713
Charles,Forsyth,charles.forsyth@coloradocollege.edu,340963,1684780417,22987
Megan,Metcalfe,megan.metcalfe@coloradocollege.edu,278168,7484189290,28942
Ian,Allan,ian.allan@coloradocollege.edu,121103,7412648823,29447
Oliver,Jones,oliver.jones@coloradocollege.edu,824725,3733751369,25519
Max,Turner,max.turner@coloradocollege.edu,568432,1877415299,21107
Ruth,Reid,ruth.reid@coloradocollege.edu,958873,2165329737,22263
Richard,Forsyth,richard.forsyth@coloradocollege.edu,187167,5869563472,23466
Tim,Skinner,tim.skinner@coloradocollege.edu,408293,6836670139,24813
Angela,Hudson,angela.hudson@coloradocollege.edu,794646,3236249136,23647
Penelope,Abraham,penelope.abraham@coloradocollege.edu,930970,5247991382,28728
Lisa,Hodges,lisa.hodges@coloradocollege.edu,324999,2945686920,21347
Simon,Wilson,simon.wilson@coloradocollege.edu,220301,9706565025,29775
Nicola,Ince,nicola.ince@coloradocollege.edu,882576,1256490837,22077
Tracey,Davies,tracey.davies@coloradocollege.edu,880771,9596980745,22665
Anna,McLean,anna.mclean@coloradocollege.edu,189007,5880020457,22836
Connor,Bell,connor.bell@coloradocollege.edu,456979,5921259240,22704
Blake,Cornish,blake.cornish@coloradocollege.edu,237804,8946968731,21090
Gordon,Ferguson,gordon.ferguson@coloradocollege.edu,429739,8619174018,26310
Vanessa,Lambert,vanessa.lambert@coloradocollege.edu,255347,7053396154,23890
Dominic,Simpson,dominic.simpson@coloradocollege.edu,316284,2675510268,24869
Tracey,Clark,tracey.clark@coloradocollege.edu,431791,3553374855,28226
Robert,Stewart,robert.stewart@coloradocollege.edu,219061,5116728807,23690
Alan,Mitchell,alan.mitchell@coloradocollege.edu,932530,5260204675,29160
Stewart,Morrison,stewart.morrison@coloradocollege.edu,475842,1113420346,27018
Theresa,McDonald,theresa.mcdonald@coloradocollege.edu,969706,6377680959,26183
Zoe,Gill,zoe.gill@coloradocollege.edu,846114,1541954825,25542
Austin,Paterson,austin.paterson@coloradocollege.edu,409621,2203726086,25135
Mary,Watson,mary.watson@coloradocollege.edu,516709,4083390208,24242
Megan,Churchill,megan.churchill@coloradocollege.edu,655661,8989522111,21068
Neil,Kelly,neil.kelly@coloradocollege.edu,315350,4167117883,26121
Eric,Knox,eric.knox@coloradocollege.edu,872142,7782683694,23449
Jack,Walsh,jack.walsh@coloradocollege.edu,973906,6079414765,23964
Dominic,Turner,dominic.turner@coloradocollege.edu,100841,3057628076,26611
Joanne,Bailey,joanne.bailey@coloradocollege.edu,215706,9845030228,20127
Audrey,Fisher,audrey.fisher@coloradocollege.edu,188549,6112926857,28639
Diane,Wilson,diane.wilson@coloradocollege.edu,692098,5543569146,25824
Victoria,Ince,victoria.ince@coloradocollege.edu,540542,9612210057,21965
Steven,MacDonald,steven.macdonald@coloradocollege.edu,653931,3996238634,23449
Natalie,Churchill,natalie.churchill@coloradocollege.edu,929389,8623796678,27663
Anna,Rutherford,anna.rutherford@coloradocollege.edu,455462,6421397996,24454
Megan,Mitchell,megan.mitchell@coloradocollege.edu,255646,3855057695,21239
Tracey,Avery,tracey.avery@coloradocollege.edu,267076,5424594814,27888
Alexandra,Hardacre,alexandra.hardacre@coloradocollege.edu,927921,6427541045,25896
Victor,Russell,victor.russell@coloradocollege.edu,823940,6938260150,27560
Irene,Short,irene.short@coloradocollege.edu,983078,2898960107,28107
Megan,Clark,megan.clark@coloradocollege.edu,132742,7506784350,29269
Una,Nash,una.nash@coloradocollege.edu,105682,5045958211,22645
Diana,McDonald,diana.mcdonald@coloradocollege.edu,963020,1563940329,28381
Gabrielle,Alsop,gabrielle.alsop@coloradocollege.edu,578458,3959883994,23841
John,Harris,john.harris@coloradocollege.edu,416890,6011269119,21725
Leonard,Lee,leonard.lee@coloradocollege.edu,833688,1741987386,20719
Sasha,Carney,sashacarney@blah.com,150778,8477678696,21905
william,Stern,yunglean@coloradocollege.edu,155261,9848585958,22005